age,income,loan_amount,credit_score,city,employment_type,target
56,25903.30519613641,286348.19256167026,789.4760747217683,Chennai,Salaried,158793.63169785854
69,53051.954538008344,180018.1907192699,596.3340388551657,Chennai,Salaried,115596.09396500596
46,38654.73882073545,211234.2362875943,611.5310004863994,Chennai,Salaried,127231.05763806657
32,28666.19435603489,246629.5415936545,710.1711520885862,Chennai,Unemployed,145102.18707802537
60,40301.4067363621,129081.71335334842,622.900854514734,Hyderabad,Unemployed,110623.12840426076
25,33776.779945784074,111959.55940096121,646.8212147447433,Bangalore,Unemployed,72977.94340498176
38,75307.12452608848,123717.18427149527,651.7771894379687,Bangalore,Salaried,83622.76752222814
56,63224.59635424176,263129.2051713591,515.622879066164,Bangalore,Unemployed,135490.0769592314
36,49880.41038025074,172407.09270537767,649.0313577734034,Bangalore,Self-Employed,95704.81506259223
40,72199.16208335038,327909.9642834126,601.7190558155078,Hyderabad,Unemployed,203985.40783239558
28,51160.524614714275,171787.62006713057,615.481402432016,Mumbai,Salaried,114596.0265100308
28,37080.73698007604,209227.56515985186,751.054240242817,Mumbai,Self-Employed,109748.68561122697
41,72846.86115904486,277105.4976283938,562.044517400452,Hyderabad,Unemployed,190669.37674590712
53,58083.65065526988,300304.64440795616,706.9243630723585,Hyderabad,Self-Employed,177914.3058078977
57,34441.30768510315,303075.1788318199,630.4725948767734,Chennai,Self-Employed,172777.87486901204
41,47144.91982874588,260418.3115296571,630.4167882052916,Chennai,Salaried,173099.05139486605
20,36865.726199228644,251203.12629057313,705.3260327236198,Chennai,Self-Employed,161109.09854057347
39,29258.00403553496,229626.34746005916,673.8035906198223,Bangalore,Self-Employed,138139.98560520992
19,63892.66321297462,238918.0538083319,689.9429098053672,Chennai,Salaried,153818.39437437456
41,78641.24960705196,172440.71418357332,,Mumbai,Salaried,126218.31219798392
61,29021.486392712883,159090.05582888465,626.8084131771674,Bangalore,Salaried,92109.8866469077
47,58444.538550358564,199831.27712945238,607.1434285844575,Chennai,Self-Employed,126388.3633911203
55,,191490.76887375358,574.0394631409541,Bangalore,Self-Employed,119301.09244798523
19,42693.11924352956,177338.59753363623,592.2212629014731,Mumbai,Self-Employed,106131.62122510759
38,41114.09113641696,234819.37237283576,856.4366097716107,Chennai,Salaried,128654.08452790354
50,37040.138454802756,247765.26042852554,737.1275706515751,Mumbai,Unemployed,139704.64344413267
29,50727.82441917241,204420.34431459237,555.4247943654385,Mumbai,Self-Employed,113103.44134764308
39,37535.748253834434,273876.5040527631,557.42794302795,Mumbai,Unemployed,154416.9816415337
61,54056.85238669758,142915.54429332475,683.7306243202944,Chennai,Salaried,76707.56258580946
42,49246.42835826294,190317.0270360141,688.3085358164577,Hyderabad,Self-Employed,120225.91248872598
66,46415.77929700386,164158.88396985974,,Chennai,Unemployed,86575.64950307155
44,36386.545069376036,106673.169146347,632.1530944512411,Mumbai,Self-Employed,66539.34843856868
59,41348.43004147501,195865.96570786505,641.2182017997969,Chennai,Self-Employed,121790.70462918146
45,61330.86838738634,193912.62458083584,672.951566691155,Mumbai,Self-Employed,129996.55558867067
33,57513.75781436571,275672.48716210655,656.0125104405331,Hyderabad,Unemployed,168374.08811860334
32,35336.67132802174,231540.58422773887,494.64897390767254,Bangalore,Salaried,134515.12239609146
64,51489.98458143839,148790.65878353975,633.9140258597364,Hyderabad,Self-Employed,84988.73187232384
68,61270.80685057683,292704.6283167094,590.401549601778,Hyderabad,Salaried,180443.65525821314
61,24958.920783179423,261051.68477626765,662.2647993235959,Bangalore,Salaried,133672.1529712725
69,58150.402885699026,229104.88517343078,858.9681301822387,Chennai,Unemployed,151533.00295879075
20,40060.643615812296,188675.7950575084,675.7237165832013,Bangalore,Unemployed,119390.37535414696
54,58558.98002889739,152028.03816382602,628.0529219679321,Chennai,Salaried,113451.25745765692
68,38551.11265186225,181389.66119644736,714.5261051384076,Chennai,Self-Employed,109654.1102853294
24,22926.768490032213,254437.4309852093,683.7881521046448,Mumbai,Unemployed,132746.98648855055
38,25586.86343175256,294229.31529673043,679.4066143316289,Mumbai,Self-Employed,148658.25757961476
26,50721.27419992073,277162.1764136095,692.4795415250969,Bangalore,Self-Employed,148906.47253630264
56,,175557.5289106863,793.9580495380678,Hyderabad,Self-Employed,95519.34872240036
35,36435.25062343387,144019.12833554944,570.8378095271859,Bangalore,Salaried,98068.54661944238
21,59578.88688166061,207044.3123455602,683.1542453768018,Chennai,Self-Employed,138901.5342213703
42,25077.1990659656,111578.03172185742,585.1533209012923,Mumbai,Salaried,74700.7080422998
31,49008.80302029025,216158.38570923908,688.8858852439574,Bangalore,Salaried,129340.28349241341
67,31834.75700356315,192619.87068506656,585.6919441959734,Bangalore,Self-Employed,132326.87625018708
26,40222.45838296761,176698.1749065879,620.7843230476441,Mumbai,Self-Employed,105642.1833690206
43,50710.98006974621,120264.84663666022,629.3437060033466,Mumbai,Self-Employed,83848.32248072638
19,37093.799520740715,225680.00532848583,718.3071703541297,Mumbai,Self-Employed,130672.69909071524
37,44231.66683655262,173364.95801690442,714.291811075969,Chennai,Salaried,103711.81650554322
45,65094.39213821661,141504.1582144856,562.7997836487531,Mumbai,Self-Employed,102218.13948350628
64,41346.62195715277,56386.88933591754,653.8453877699894,Hyderabad,Self-Employed,40800.91824075927
24,62535.38168097712,198624.2547474682,600.329410167558,Bangalore,Salaried,117070.25771455641
61,33054.397180135726,288612.5798334872,561.9046562527266,Mumbai,Unemployed,166656.34948740515
25,57947.06266872924,283062.9607273935,634.808806470294,Mumbai,Unemployed,160287.6035633951
64,71623.5293098685,177145.1871706864,628.4062048080926,Chennai,Salaried,117678.53470713648
52,12925.332498090662,169889.39698191098,819.8701540441866,Chennai,Unemployed,93607.71858318929
31,38046.57116794285,223438.71280375117,680.3071877752487,Bangalore,Salaried,129820.88664774445
34,58656.081907708096,150080.7280405854,553.5667749472034,Hyderabad,Self-Employed,91439.96515741093
53,46954.31920935511,430179.1899819466,610.465819708034,Bangalore,Self-Employed,228874.66142336922
67,55567.188100569634,238304.0139192345,721.4968306800579,Mumbai,Unemployed,134839.8104784859
57,122820.66659778806,261346.66119421538,796.1909941008947,Hyderabad,Self-Employed,183914.7416160676
21,51298.8468120935,194992.29617600236,538.9811681433429,Hyderabad,Unemployed,119994.46215557597
19,47664.84146911881,189816.3124911517,518.4052930402669,Hyderabad,Unemployed,123577.16985465081
23,67516.73092489711,156100.87066217195,780.9675622760248,Hyderabad,Self-Employed,116368.99587675497
59,53816.31264951819,158655.982298007,677.2729924159632,Bangalore,Self-Employed,97646.47159666185
21,55064.039931128034,188676.05540492365,589.2195087686544,Chennai,Unemployed,125565.28461337241
46,43821.84550816299,218368.2753408089,687.4240360285705,Chennai,Self-Employed,129063.72446380473
35,,245679.23131166247,465.49765826881855,Mumbai,Salaried,138713.62917540068
43,43511.627182705684,159841.05246598276,650.2362854618012,Chennai,Self-Employed,112000.04820902886
61,55916.78213567445,274634.42844797607,672.9474820990159,Chennai,Self-Employed,166359.40831383487
51,43685.232787696055,186443.81994787155,714.698909767648,Chennai,Salaried,109950.22635728381
27,54346.62285344619,198931.63528257818,579.0272833395223,Chennai,Self-Employed,126448.01048598465
53,81131.01197968159,162639.41604260882,655.9981012982352,Mumbai,Self-Employed,99561.86610649533
31,63066.87055147538,78787.98698635292,585.2202761758289,Bangalore,Unemployed,66639.38723177354
48,45109.647017482384,244202.26981805247,667.8768628972022,Hyderabad,Self-Employed,127316.88213466115
65,68018.20883245918,236842.19485462166,587.3257574345884,Chennai,Self-Employed,134855.82139271262
32,43878.86940467673,185933.62214408934,621.4329412587846,Bangalore,Salaried,118191.19828872672
25,19428.13197233219,,580.2929223646839,Chennai,Unemployed,86603.67677170021
31,34878.70533623894,225796.96088520496,695.579536927656,Chennai,Unemployed,148343.00600349827
40,21938.121184612166,121872.70715567286,710.0915781659666,Hyderabad,Unemployed,82963.63292192576
57,44727.297739380374,173547.36613268527,633.576560102981,Hyderabad,Self-Employed,88142.30676428917
38,50276.27568784328,239713.23398109135,652.676659647202,Hyderabad,Unemployed,165451.25236030295
33,75146.55968412924,137285.52884153754,548.598600975652,Chennai,Salaried,123413.75726062423
62,54903.910606462436,214677.89660833147,629.0226346395249,Chennai,Unemployed,128295.43124260234
35,46713.49206786704,132170.90976882976,646.4856768070779,Chennai,Salaried,77299.46862584334
64,62441.083717752335,223321.49912167632,833.4555163720983,Hyderabad,Unemployed,155590.6655819135
41,16832.970364881723,198217.92588512582,572.1623081958086,Mumbai,Unemployed,106442.57575958292
43,53534.21837162849,119243.40920472452,752.4924067126706,Bangalore,Salaried,84817.28925910605
42,61562.9779083045,,719.7801141426065,Mumbai,Unemployed,166958.07571457434
62,27821.206313302377,163270.42116009752,669.6445483143095,Chennai,Unemployed,95142.9033192506
58,67156.31064810394,159487.37814928096,773.1034338936594,Chennai,Unemployed,105211.07410484157
46,55077.44611241621,210028.45986154713,676.0473830824805,Mumbai,Self-Employed,115573.98782327105
32,43770.681291487985,257431.86747143575,677.241143696755,Chennai,Salaried,142314.11860275167
62,59491.72799159427,149208.90905108015,646.2815542887719,Bangalore,Unemployed,96307.0900033454
18,84060.39286706594,203083.9924923986,735.6498217693039,Chennai,Salaried,121730.98043366545
42,52727.99382587743,221440.82501652866,726.7528463667619,Bangalore,Salaried,122326.9809376014
24,,234655.28036315722,,Mumbai,Salaried,139842.67188512266
26,43109.58650689634,,557.6526963780863,Mumbai,Unemployed,104423.4003410608
41,37252.33445802813,181648.60804583388,635.791355382304,Chennai,Unemployed,99566.2877579351
18,62455.03724816369,158620.48896756402,593.9973004921648,Bangalore,Salaried,123432.66859912298
61,37158.74261136699,204307.19415231873,645.5532797769251,Chennai,Self-Employed,116302.06618593799
25,51073.49355829089,146393.04940071964,736.6206694278898,Hyderabad,Salaried,91177.54538008747
41,42835.13829852325,53932.47582526962,617.9888841439247,Hyderabad,Self-Employed,42497.20989848263
28,57184.697386195876,443655.98041576677,647.0023633081897,Hyderabad,Salaried,242111.89924228072
68,55004.931579304226,,654.0615914365877,Hyderabad,Salaried,151389.15511369586
34,65563.0991638685,81853.37822290808,709.39016175437,Chennai,Salaried,72738.1820099363
25,42349.75401717879,299026.92952900624,492.7177466210776,Hyderabad,Unemployed,163237.98430522232
52,45951.87597059943,230957.7130502599,607.5309793664293,Bangalore,Self-Employed,133201.35487859463
52,35318.54426326539,302874.77348558494,664.7898584595631,Mumbai,Self-Employed,181808.5797862683
50,43335.60109885833,201039.68538377038,734.0055269498803,Mumbai,Salaried,105757.53074633898
22,55659.50739567279,327199.70587708656,615.5668286745656,Hyderabad,Unemployed,185877.55327850356
59,61354.829249680275,190855.177944758,518.6413105770688,Hyderabad,Unemployed,120372.9162565661
56,36167.52013733562,268743.8209574092,693.3798012176295,Hyderabad,Self-Employed,144389.13593109045
58,63044.088801584905,167701.79104377324,605.5246327822059,Chennai,Unemployed,107668.00245527117
45,70334.56788207426,160040.3996674873,566.7233338636747,Mumbai,Self-Employed,97671.03892898385
24,56201.523548355515,175862.82389089838,606.2958227200743,Hyderabad,Self-Employed,117226.51794417162
26,78151.937188371,152333.56958706438,637.0832249640905,Bangalore,Self-Employed,92601.13164464061
25,38393.1620134464,206133.51579973978,607.6678734823251,Hyderabad,Unemployed,131284.72186292766
29,31330.179450328746,281233.92292347807,495.6103760030652,Mumbai,Self-Employed,154239.06748597274
51,23319.19626643582,216153.96365580146,712.7946337820993,Hyderabad,Self-Employed,117720.34845131535
50,,187382.3248936856,,Mumbai,Salaried,112768.8033808965
65,59815.484845310864,185409.4365542228,695.6065393937654,Hyderabad,Self-Employed,127912.00708451695
40,49166.229936343174,121840.45956516714,570.3620030702629,Bangalore,Self-Employed,74855.09745384955
41,54199.529394797304,244155.48885735794,635.8955926236738,Hyderabad,Salaried,133024.07357841005
54,33117.66429052435,,649.5435079339379,Bangalore,Salaried,124999.43763125784
52,86686.27969425239,190976.00432046872,691.9156072693337,Bangalore,Unemployed,119369.98400625684
61,51938.31772962841,359655.37839224306,696.7838342102657,Hyderabad,Self-Employed,201432.1997156678
57,51640.92191907339,214937.64541828432,598.6078340855053,Bangalore,Unemployed,137135.21538309185
39,60886.49935848038,162410.44749524078,655.7396889489493,Chennai,Unemployed,107608.14647246354
44,57215.1384760507,178682.12018972283,682.0096283230669,Hyderabad,Salaried,130634.21337960703
52,53358.26036418697,,751.9075625502736,Hyderabad,Unemployed,143888.19278180093
18,38142.88316832032,205663.52052688823,699.3154577877306,Bangalore,Self-Employed,119162.66642582009
52,57072.025357039936,128086.10108413166,705.2339681162863,Bangalore,Salaried,86885.21642766385
54,78230.3674471255,245961.44672876017,655.8678639550552,Hyderabad,Self-Employed,159220.86176380824
64,70181.30069232467,166592.7957230503,748.7321401642453,Chennai,Self-Employed,124724.34074924594
31,73897.79939959096,293664.8888108773,678.6833957171648,Bangalore,Salaried,176524.78327877456
20,,254002.40328573243,589.72384628785,Bangalore,Self-Employed,144221.33125820154
18,35155.92769612129,177633.90521706245,748.2358979087634,Mumbai,Salaried,92016.1712181566
22,48113.19619850528,264050.81808675564,698.853229077732,Chennai,Self-Employed,154571.71209167366
43,50835.87368433042,203392.77552637015,618.9869185210063,Chennai,Salaried,116634.01895372973
31,66412.87277706423,485277.3675122219,616.435492282053,Hyderabad,Unemployed,274911.26361803844
56,24613.03055427771,224236.64086472374,670.7602881598533,Chennai,Self-Employed,122112.99058806343
44,72943.2547919092,157682.16725045632,682.4229356687309,Hyderabad,Salaried,105141.90887578751
26,47629.88152131516,167822.5083841269,663.8104585941844,Mumbai,Self-Employed,90235.64308856415
32,43596.7839507887,251498.04087905807,671.7916071410019,Chennai,Self-Employed,127431.45085855028
32,,183261.23339467295,768.9970162203466,Bangalore,Self-Employed,128375.9875727053
43,25177.14992201346,179817.57683790015,725.008020656442,Mumbai,Salaried,106008.85269777129
59,62347.55875942872,152243.87103253236,663.3444913885517,Hyderabad,Unemployed,105503.0028342864
30,51099.76950782606,,715.8917406537238,Mumbai,Unemployed,123955.87526689406
68,30650.58650388419,303126.24596215726,577.7233267530722,Hyderabad,Unemployed,175290.76827156072
49,30573.818419045758,146623.35428728635,677.8548934962766,Mumbai,Salaried,96213.77056336327
56,,201210.9728336379,776.6514444813178,Hyderabad,Unemployed,113836.69777059846
66,75035.32287934089,270611.02777077147,634.7367873225338,Chennai,Salaried,153568.42426395946
69,46106.12972954593,196017.93043771424,590.6656249966641,Bangalore,Self-Employed,110422.18354941483
49,27452.855703228408,222618.5898124867,604.3537777984858,Hyderabad,Self-Employed,125305.86290812562
21,46313.85403871084,146880.323592656,573.7256873860329,Mumbai,Unemployed,94742.64491320384
47,45909.146453784946,221415.35486038245,595.0666664310608,Hyderabad,Salaried,130815.02811302381
54,9546.700355876426,190642.78674977255,624.0644330986979,Hyderabad,Self-Employed,117413.34889903822
40,49185.577002232814,249286.49978399315,551.610308657495,Hyderabad,Salaried,137765.4575782808
56,46535.98204686983,259369.30257823755,651.0932833764722,Mumbai,Salaried,139289.75882665528
62,60443.095472201276,329478.1821009307,713.1594021650653,Bangalore,Self-Employed,190004.6039322946
32,77734.34142418018,228981.65866067878,586.4570673897156,Chennai,Salaried,126744.85427318115
60,66898.47544321636,216289.81582910832,756.3498746549238,Bangalore,Self-Employed,142735.32427917447
46,45966.669641677545,209719.2150788668,685.7554461969316,Hyderabad,Self-Employed,126486.79553866724
53,33402.11136887495,182341.6853594656,722.140640993684,Mumbai,Self-Employed,105032.50209123266
30,88600.3970487479,216924.19217308456,603.9515812303504,Bangalore,Salaried,137146.20228097876
49,50888.27651021732,185229.92949304852,709.8167658946631,Hyderabad,Self-Employed,124079.57317974842
24,50208.939378694195,416846.0976269614,573.5646269723281,Chennai,Salaried,238002.85625019757
68,49638.12369334995,265879.87678039796,712.3173250585556,Chennai,Self-Employed,152490.83016465598
39,52971.271411517824,149672.87173601793,662.0287537855472,Chennai,Self-Employed,103265.79306489856
45,47834.593821140865,256993.92805645228,688.7275853989348,Hyderabad,Unemployed,158368.32264696114
19,41395.069896796456,265855.7533669933,567.7083776062603,Mumbai,Unemployed,154378.74368484534
59,41797.115881394115,194096.57365044605,587.3451110406377,Bangalore,Unemployed,113406.22250376038
62,49508.70094676002,93907.25504957027,691.8059752777369,Chennai,Salaried,72535.97463649652
23,41848.62843299352,169608.90064527837,583.615639704306,Hyderabad,Salaried,92804.32882028655
45,39307.313259842536,264849.7273280555,682.4244404469387,Hyderabad,Self-Employed,151752.35773938915
45,51596.453415378455,198856.5968850559,554.3003535477828,Bangalore,Self-Employed,118118.97544635674
61,46175.34173868717,150034.88838525445,709.3721948866668,Chennai,Self-Employed,92065.11242516537
61,72559.89482874033,174761.25393858913,,Hyderabad,Self-Employed,97520.6189789444
37,10235.45287410482,242031.00132522767,688.6609956375667,Bangalore,Salaried,120696.76896709666
47,66372.60277883692,227336.67841006897,693.79416535522,Mumbai,Self-Employed,135659.11345098395
28,68691.27788746444,188053.3950415153,601.2259727099298,Mumbai,Self-Employed,129596.73242048384
45,18899.146513877757,181658.7794092656,690.7418596959309,Mumbai,Unemployed,106264.7871597953
42,44859.68608879477,180412.0925478089,668.2309584333489,Chennai,Self-Employed,119743.00416515538
56,44428.38701006313,153879.49077507487,612.2810700665083,Bangalore,Self-Employed,108820.20601522275
50,28887.32457923268,280768.7844734721,579.4011721146654,Bangalore,Self-Employed,158137.69278414745
18,38332.74968613687,183883.976539433,512.6162015829195,Hyderabad,Salaried,109970.90929818973
44,33341.36231801257,260857.92604127483,674.4755033109785,Hyderabad,Unemployed,137446.18678229884
69,76284.05665135435,276065.80259612255,540.4638060046561,Hyderabad,Self-Employed,186189.46899924724
30,64035.17589721191,249915.54490739803,656.6740939608916,Bangalore,Self-Employed,136556.6254453696
58,69073.32642491237,178418.9843640976,631.5586248742426,Hyderabad,Unemployed,117434.41724034988
20,60825.08096064853,220186.50451683046,697.5399942806737,Bangalore,Self-Employed,143644.16652487035
56,33064.22343174156,198790.2196804542,628.8568150357095,Bangalore,Salaried,124070.32079542005
23,42132.196005803395,154814.9069634936,626.9386549557036,Mumbai,Self-Employed,84765.6079286516
25,57340.61841841877,216217.96408608014,701.2309493001807,Hyderabad,Salaried,128124.4470328916
44,31668.082866620818,141048.01044200987,673.4540620358882,Mumbai,Salaried,78769.42298017343
26,60694.97645258582,259383.96942307818,672.1309170027945,Chennai,Self-Employed,134817.44452168257
54,46395.119027627974,176769.13513508035,682.8487312865968,Chennai,Unemployed,110434.85800614415
50,44377.68788675604,210057.98279364198,542.5099513755026,Chennai,Salaried,116591.24331420305
68,60664.39952305237,214164.3935773071,702.9752075990888,Bangalore,Unemployed,147366.0915686736
59,56663.9496722906,187054.75131479613,692.8728155809522,Bangalore,Self-Employed,123607.0330967815
61,44585.507512713804,229334.69007376375,578.8321809996452,Bangalore,Salaried,134245.33860283354
41,67389.94705046373,176254.8171688738,,Hyderabad,Self-Employed,109946.54104429539
32,33784.05008600154,243564.8648728622,647.2484898660658,Mumbai,Unemployed,139541.29305874897
49,59239.034104163955,132701.01598766257,640.5852250918787,Bangalore,Self-Employed,87969.33231684145
49,58896.51886952575,206318.9789773206,673.3701976597974,Mumbai,Self-Employed,128257.53821504708
41,45356.803410290144,296946.44995291426,750.1956747281829,Mumbai,Salaried,188598.58045514568
58,54891.99533363177,149983.43376972125,725.723670937098,Mumbai,Self-Employed,88068.99064084436
69,31233.296354220456,166112.75147375744,558.1446564598016,Hyderabad,Self-Employed,96321.39252126013
66,63860.40528810352,225695.39248294575,693.5448993214234,Hyderabad,Self-Employed,146005.1508241404
66,47226.46795335517,208979.0890969799,743.0253323674787,Chennai,Salaried,122086.32984031305
69,42159.154692214404,217531.50496367796,677.0765964482442,Chennai,Unemployed,143989.68326006943
29,65735.13838755334,224459.35650738317,726.3686297630177,Mumbai,Unemployed,145998.49759770613
56,39434.84464185861,231736.0734280885,790.8589311990536,Chennai,Self-Employed,128418.17526689613
19,28873.080554546606,255484.99209781116,721.6596682274887,Mumbai,Salaried,145661.70392029427
20,26650.562397141442,220490.93284642563,667.451601694921,Hyderabad,Self-Employed,117869.06381742645
66,59090.14927018459,187937.11726907289,723.1561931859328,Hyderabad,Unemployed,110960.58220391019
54,30793.559712555754,233628.68506013657,660.1421483167824,Hyderabad,Salaried,131251.85212990703
66,76321.91272976546,294994.09674476075,651.6732130299469,Bangalore,Unemployed,189547.9659406273
34,18771.058881744168,193368.3126808713,625.4010035000388,Mumbai,Unemployed,116023.93443780646
66,75446.84552435057,151273.53476646793,759.4389351182476,Hyderabad,Salaried,105639.43432674903
19,53165.26200803927,255354.03346434864,592.7099933840599,Mumbai,Salaried,157365.55721645063
19,48549.30332194411,,757.2657407274681,Chennai,Self-Employed,121814.10640917625
45,41826.21369786575,91366.52269929819,684.990488661826,Chennai,Self-Employed,53382.1000893742
40,167961.1251458432,242371.08385752107,552.0485677638641,Hyderabad,Unemployed,175642.988958269
54,49435.47946362727,173233.59070230386,675.7354505093995,Mumbai,Salaried,107473.19773551945
49,66549.52823024782,195473.33588479197,502.9981444643863,Hyderabad,Salaried,130348.41122537383
50,51713.41472993059,216599.01652845074,693.7855611781725,Chennai,Self-Employed,125086.68328896529
18,52254.52642192817,209524.98398895332,711.9662038092293,Hyderabad,Unemployed,118431.8662025397
36,44545.81681679216,235472.59085695198,608.5350831043562,Mumbai,Unemployed,136729.9217366891
19,49145.81564418399,178225.68147150782,658.6483387168907,Chennai,Self-Employed,103988.82377623249
61,54617.026533380886,225655.28990880414,,Bangalore,Salaried,133845.57092220517
43,24347.474110150615,187022.66612080415,614.5977307016644,Chennai,Self-Employed,106152.75687155263
49,29777.218668414305,236940.52404437517,575.876468906038,Bangalore,Self-Employed,129331.7506745277
23,61148.96141034072,230768.37420065267,753.7164381723819,Hyderabad,Self-Employed,150897.86733368054
49,52562.981571919125,153228.06489777024,787.3811033371557,Hyderabad,Self-Employed,114399.68901387663
21,47240.24995470981,254299.1058087516,650.2586970293493,Mumbai,Salaried,156453.32229066436
28,50276.5089959809,173201.8277442976,720.802412478585,Bangalore,Self-Employed,91179.91904418028
34,55213.72558042507,240402.88991405725,743.9033140871617,Hyderabad,Salaried,137784.85914900943
55,41903.60479535958,218364.36567006703,598.0261037223131,Bangalore,Self-Employed,125947.00412054257
41,38325.42911896531,291909.1838397561,616.0285915242492,Hyderabad,Unemployed,145149.77397730938
22,158813.03647939567,188826.7008814074,736.1612159208314,Chennai,Salaried,140659.9563722379
69,35324.40833577452,182534.16019409013,767.9509995095957,Hyderabad,Unemployed,107629.61290054787
51,56123.79133571708,199029.01970561338,689.4016602122049,Mumbai,Self-Employed,118755.92304435324
23,24461.245936432395,184841.01085828623,588.4129952548562,Chennai,Self-Employed,105729.51093571058
39,65437.33455988466,239997.09509710252,,Mumbai,Self-Employed,133712.40708193672
28,57088.96223619564,119184.46957817061,612.8320371531624,Chennai,Salaried,78244.42032430726
65,53840.44601470813,147315.8790426823,626.5403553179983,Bangalore,Unemployed,97594.57438619937
33,64740.36475918271,146609.85392104034,673.9636484142735,Mumbai,Salaried,99568.68758666642
50,74982.11666693864,247515.3795986788,758.7912294500342,Hyderabad,Salaried,158309.17287040013
26,65215.55097527196,285530.66862909624,709.7783183586556,Bangalore,Self-Employed,173313.52641069161
23,22386.88653002532,194777.53907312642,679.0405850253337,Hyderabad,Unemployed,106824.1716582825
33,30806.345498964478,191558.91384049947,682.4301971082674,Chennai,Self-Employed,113046.85137177298
46,40627.72133456482,203502.60815565908,653.0460268050426,Chennai,Salaried,112470.14979929905
20,50391.36575316251,258093.91513040953,689.0697660162955,Hyderabad,Self-Employed,148352.78176104362
37,57764.88530703685,153632.3432904713,472.9307945613988,Hyderabad,Unemployed,88318.77046346362
53,39113.84280269802,211918.44913673925,629.2374778651141,Bangalore,Self-Employed,134639.99651059275
36,52801.50146715617,248759.88148912147,666.8925354441747,Hyderabad,Unemployed,144154.373533842
43,38669.256014700164,225054.70849699227,569.4290141466345,Mumbai,Unemployed,140461.85565665318
20,40827.23295512078,209479.08082993716,677.0426322468091,Mumbai,Self-Employed,126873.09731085737
36,28900.083547276667,250052.30462835706,635.6870145309715,Hyderabad,Salaried,131196.4249071089
37,108454.5039250093,64838.38535003815,772.8832988820843,Mumbai,Self-Employed,75195.4428313579
49,29724.730915754997,233893.76597654537,,Hyderabad,Salaried,141562.59872152802
24,35361.90120534001,167296.2158436288,617.3936101617286,Bangalore,Salaried,99654.80646900856
69,65804.62694911759,108468.35515717715,639.4413601903314,Mumbai,Self-Employed,81110.27278863956
58,35759.01666752085,225560.12997624904,644.8236704074125,Mumbai,Salaried,124441.43360890412
50,89485.73097256086,268682.92725814786,,Hyderabad,Salaried,167612.05355230393
57,57399.76851321334,193127.5742686154,663.6517488819688,Mumbai,Self-Employed,122799.21706511281
56,52772.54185542311,247643.72736014694,596.9202551778687,Chennai,Self-Employed,139834.670647294
35,37124.6332972818,280613.91289943224,570.8569265543731,Bangalore,Self-Employed,146359.95633764786
57,60504.64819113487,265745.7226792024,693.5897856730188,Bangalore,Salaried,170839.85864950376
18,41365.43260643339,281998.22646856966,694.0670708955267,Mumbai,Unemployed,166390.61878501752
28,51830.147219680424,237106.37455359462,593.6978968238005,Mumbai,Salaried,134562.6293572256
45,88401.26807403192,203771.68194507965,,Chennai,Unemployed,137729.54276786378
42,48559.10150413025,119901.70940514158,605.7895589584268,Chennai,Self-Employed,65790.69406666423
67,67239.09989428514,187696.87559350257,667.7215666626587,Mumbai,Unemployed,100926.67369255985
40,39452.35362311169,157837.67023419042,707.424080882872,Mumbai,Self-Employed,108670.11288763545
48,49475.17264254557,308547.1358748907,,Chennai,Self-Employed,177888.10233753183
47,76562.00953453264,191205.70937838318,681.8318638498794,Hyderabad,Unemployed,124912.75149320402
59,40595.494133183485,206160.24033922428,613.84992492787,Chennai,Self-Employed,123723.83970697541
52,77186.72836995393,227574.26880202338,636.2473391600332,Hyderabad,Unemployed,175566.94289279522
24,60616.279031832135,202180.12231862269,635.5898398383762,Bangalore,Self-Employed,134321.796129698
33,41562.99836158598,284752.5520215377,597.7395157421832,Bangalore,Salaried,150368.16801291838
43,59486.116085832815,168867.5319132774,637.6258085818953,Chennai,Salaried,91852.09494900424
65,64588.316744400945,209730.37276186215,541.5967190795377,Hyderabad,Self-Employed,140203.0062286409
69,59327.149433257946,162876.4707150976,615.6192377000526,Chennai,Self-Employed,113953.53110682676
66,26446.629201643154,133998.8744389647,630.058715464123,Chennai,Unemployed,86984.62081012092
19,39092.94236262697,169411.54545473572,632.0674173253234,Hyderabad,Salaried,94625.53930041526
18,46287.22046672743,198148.1601475794,633.0951787890455,Chennai,Unemployed,122924.05190053814
65,48883.498563499306,,645.676506009791,Bangalore,Self-Employed,103155.80732878155
29,59310.08146326017,165378.9510063072,683.5609062660245,Mumbai,Self-Employed,113945.92786500152
22,52665.51501399881,129684.1268164083,711.2161951892766,Mumbai,Unemployed,97580.44893701997
54,29969.83461934848,195844.72136856525,604.5164341206213,Chennai,Self-Employed,107523.74782299802
49,55702.967765089445,124763.98129844989,565.77594012276,Hyderabad,Salaried,96068.74199213361
26,59158.786179257346,238002.79818448014,577.0568911429827,Hyderabad,Unemployed,143668.12785307417
58,58396.856718965595,204121.98764672517,615.8957955163551,Bangalore,Salaried,130657.74091863568
52,66211.71088331932,127122.42502675347,625.3655077528443,Hyderabad,Salaried,76582.04721899293
36,62508.83231823356,184539.54614750683,596.100275366178,Hyderabad,Salaried,119305.57058243427
65,56887.70118842655,162392.17972047086,559.2718335025074,Bangalore,Unemployed,97099.27467764178
33,48947.51432812029,215958.725520959,618.0715420768068,Chennai,Self-Employed,133590.6670198254
20,25085.58599726013,267022.52230115724,662.699863407978,Mumbai,Salaried,162335.56228034908
37,56444.273286988784,106241.37651771276,691.6520626084896,Bangalore,Salaried,79865.69296420143
41,53115.31530744667,205751.30395737087,,Chennai,Salaried,115911.50136941178
50,54073.6825579306,191993.36022166797,621.0901524499596,Bangalore,Self-Employed,124694.34732048862
41,30848.77136269536,233567.0038225233,585.1311183806882,Chennai,Self-Employed,135907.3319617543
69,33784.151893876064,210659.83141188446,647.7992580737656,Bangalore,Unemployed,142529.1713188458
28,65797.29279999355,162401.53341305905,590.609995606643,Chennai,Self-Employed,109385.73411160345
66,49406.672692150176,184047.3032166691,690.1189469268841,Bangalore,Unemployed,107892.09297300775
25,60222.510460589365,160198.70715982554,524.9893455646122,Chennai,Unemployed,111122.41243019947
53,50424.77564195692,253800.35692992993,624.8259229283276,Bangalore,Unemployed,146999.0896637794
55,50446.34209243618,201065.5824335971,671.077513743422,Mumbai,Unemployed,123179.97887908136
57,64074.25708963996,295059.5342876504,662.8684161425753,Mumbai,Unemployed,164095.9681283874
37,42259.32907673939,196966.95930926898,838.5123564786347,Hyderabad,Salaried,118322.05381440851
52,51441.811654114754,164579.66165447686,674.4860017197535,Chennai,Self-Employed,104775.28131557476
65,43065.87066942436,124314.28036935865,579.7161782210593,Bangalore,Salaried,79590.57641034844
42,130447.66976554581,109843.01618720275,643.317502703765,Chennai,Unemployed,94580.11042599456
52,45362.41814797041,120793.20284972551,525.6627566573484,Mumbai,Self-Employed,82144.24573928032
42,53332.00657450569,213356.33255057418,644.3580175492267,Chennai,Salaried,119886.62425471273
46,42818.77067504784,225436.25116149668,591.6860760099469,Bangalore,Salaried,119890.67153812222
35,68836.34188360281,120940.46489839333,714.0773192892113,Chennai,Unemployed,95357.26991443403
63,36580.89046670744,244751.91570380577,611.5321807783125,Bangalore,Salaried,145643.04858057108
35,47196.92533757961,175846.94741582804,641.8263858943327,Mumbai,Salaried,95424.77036132771
19,43404.034125887374,,605.5109511016917,Mumbai,Salaried,104450.59458409723
52,71704.668265306,280611.0314127712,,Mumbai,Salaried,159446.69167830903
33,52948.32164767362,244841.96579327658,627.5130063717462,Hyderabad,Salaried,143297.61950992583
58,65477.66809202952,186573.4676047084,778.2789930435441,Mumbai,Unemployed,132256.31990805356
53,27716.59440444542,155440.38872923562,706.9906233482786,Chennai,Unemployed,91577.63324130903
50,54005.75398803888,92409.22993353475,683.7446709134771,Hyderabad,Salaried,61550.1773850335
21,63344.46193435155,164042.334037879,675.8113203122264,Mumbai,Unemployed,109268.48109319783
50,51234.259839131366,189443.48805861527,677.5658108751376,Chennai,Unemployed,115727.51893730262
31,65982.20562598026,150641.0236424408,515.0629194458073,Chennai,Self-Employed,86455.72962894257
38,42240.673248494415,193437.15164538476,630.478162409447,Chennai,Salaried,101944.93057214806
65,71140.2116027837,203842.59414793842,709.1610579829025,Bangalore,Unemployed,116872.99611348042
37,84483.47185428876,188757.20090959608,646.5771971568126,Hyderabad,Unemployed,150987.92933173216
25,44557.42159340512,167499.87095882703,551.6367107237497,Chennai,Salaried,111233.34346740867
24,43317.462178988426,208432.73359833637,646.3316884595771,Bangalore,Self-Employed,117737.76175210686
20,71800.7671567655,222097.03247847044,769.2873861378844,Mumbai,Salaried,151364.28847593302
34,,145480.0461278577,737.2824200874304,Chennai,Self-Employed,96540.3590439767
50,42157.09959270098,270546.6189873135,645.6597193443778,Bangalore,Salaried,165128.8405346481
65,43697.19774356214,195070.59338578692,716.6014493940661,Chennai,Salaried,118613.5350805973
29,45773.230867092396,200942.4811472424,624.3445085742363,Hyderabad,Salaried,113858.1424215183
68,29833.242334485843,235410.72116282786,530.7289889221297,Hyderabad,Salaried,138760.82662927068
39,36220.22080273703,211660.80656317508,585.2873808309312,Mumbai,Self-Employed,123924.53905795481
39,34937.88849871898,247656.83169566226,759.4022137955739,Chennai,Self-Employed,145886.48225719584
63,38483.03652343807,214356.2082600912,630.8204842719487,Bangalore,Unemployed,127186.29016163759
47,49479.72668919828,169378.1312679781,632.9631214437487,Mumbai,Salaried,107912.76258389531
55,53513.22098804781,218075.17626030507,629.0113262607583,Chennai,Self-Employed,139387.2065700419
55,73257.50739221115,142813.68963396692,783.2895612701104,Mumbai,Self-Employed,127055.0611355246
62,35024.68938891814,205427.98528882617,763.8171240753444,Bangalore,Self-Employed,133347.48970733755
68,64764.83597714876,198338.50046777696,805.3146163413694,Mumbai,Salaried,128848.29879327725
25,46790.16733661736,189594.15713637302,638.8668352719964,Mumbai,Unemployed,112116.72797289594
44,49258.044355213504,193573.12442805347,670.6937142122966,Mumbai,Self-Employed,116263.56348269383
44,60122.29238249906,105907.54772511804,543.8350215405446,Chennai,Salaried,63867.51884660969
51,33159.16967656552,172563.75461295192,753.3854098282792,Bangalore,Self-Employed,110408.91773326058
38,55736.14619276076,204642.24505705573,568.2554314112446,Hyderabad,Self-Employed,114575.2937838851
47,52496.78312319584,207992.81959987,665.1742894633841,Chennai,Unemployed,122672.64451103497
50,57386.76896012224,148616.2429537021,573.188823065701,Hyderabad,Self-Employed,103959.52742456473
45,54337.52965861727,263285.392043235,608.7793221282913,Hyderabad,Self-Employed,151658.49510252033
64,86829.50209866342,156691.25758927496,591.391629826521,Chennai,Salaried,105385.51581720918
50,40433.900236230256,496945.7200526737,607.4487317526928,Chennai,Salaried,254702.71055367647
22,42035.04567497274,221359.71809358423,612.2614107795715,Bangalore,Unemployed,141466.25418012775
65,40652.89210362853,167688.63450780985,611.6211843552446,Bangalore,Salaried,93824.17807401715
36,41667.843212596184,577531.0892609512,708.3333738246215,Mumbai,Salaried,302490.47306302114
21,40439.19309040223,140318.158412176,572.6596044856236,Hyderabad,Unemployed,70100.1389797263
52,67835.24796661327,245957.70868050007,665.4378998909707,Bangalore,Self-Employed,149785.1972510647
66,71307.56371984782,250029.11590214891,735.257140661389,Mumbai,Unemployed,150426.44961002708
34,41438.805593757854,166468.98954616775,614.0762544840622,Bangalore,Salaried,103625.47816573599
61,37514.66640343657,269623.26500321645,599.7456776476679,Chennai,Unemployed,140317.17242954014
45,57071.23334579606,187497.67427005235,633.8632762373825,Bangalore,Self-Employed,124550.64783649019
47,41716.65433578543,214434.68146399286,732.5807645852497,Hyderabad,Unemployed,108666.0391501234
46,59493.97726633266,,663.587534166735,Bangalore,Salaried,130070.33949102361
63,53043.845312769496,193284.5629264726,612.8149993774681,Hyderabad,Salaried,119838.46788223767
23,27263.838275041522,240540.41365798912,683.8713655831627,Chennai,Unemployed,135865.8120343995
52,73212.57801995092,239674.43602761065,572.8395495114504,Hyderabad,Self-Employed,149106.93562650777
58,76938.16509643283,,697.6951657310063,Bangalore,Unemployed,94231.81869789406
54,40808.16964273421,265217.0121439076,678.6025115391237,Mumbai,Self-Employed,164883.9691298958
41,44184.47660096024,116875.40059821628,628.4534070202781,Chennai,Self-Employed,76421.49806646958
46,54287.98086087358,251627.31021708285,591.2989941086938,Bangalore,Unemployed,138334.6129564943
66,55016.851849805375,256335.25684137916,587.932335440158,Chennai,Self-Employed,156159.18015296033
63,59878.164090092454,145451.6784892401,687.4372135442137,Chennai,Salaried,94761.26675964802
48,80153.06808149524,179459.28560227077,736.0286351742343,Bangalore,Unemployed,133782.0466935481
52,47345.79158758926,144714.76657570322,605.3884577079843,Bangalore,Self-Employed,86595.33919748696
50,38025.541331923196,189253.94848556325,682.0870692486039,Mumbai,Salaried,104275.39844851682
69,29310.21157978209,184598.28579071295,503.9081086978552,Chennai,Unemployed,107569.22496579643
38,39036.04940087121,238983.026613467,609.076758853996,Chennai,Salaried,119888.91780316489
49,49503.095406893044,265515.4373059804,647.8258746990368,Bangalore,Salaried,149412.61888446566
40,76918.36795276681,269784.1905394978,586.3221608112716,Hyderabad,Salaried,160532.4214976082
50,42235.830514457426,171891.5986710849,584.4445537647283,Bangalore,Self-Employed,106665.71723525379
20,53356.819274583475,189538.90631277362,,Chennai,Unemployed,106846.33228653164
35,49753.65655890872,115828.09038895249,670.4534909828461,Bangalore,Unemployed,70749.6723492978
42,67825.89910172127,159706.49667519057,636.8869687115538,Mumbai,Self-Employed,118139.0246621912
59,87903.98638810433,248242.58165487286,493.32381366725195,Hyderabad,Unemployed,155291.11033468373
48,42036.96840619519,280779.1411774116,501.5509893155454,Bangalore,Salaried,166662.54284274942
20,42658.40836222667,138282.5564060039,607.5194375499977,Mumbai,Unemployed,82596.1210733353
57,65662.41315603608,170376.78704235528,682.0380610237487,Chennai,Self-Employed,111162.98845401718
63,60228.37234439467,198679.71215205366,457.67466100923355,Bangalore,Salaried,124130.45865972969
41,77700.6098860405,214008.05794098033,615.0188876693859,Chennai,Self-Employed,153939.9498892288
67,58758.92277988946,159519.8240039177,613.1626500437806,Mumbai,Salaried,101343.03353464867
49,44610.61863819411,221203.0522232045,747.1836444745913,Chennai,Salaried,129793.85921060259
64,58859.82246038464,176308.0326464542,623.0484731800996,Mumbai,Unemployed,123023.97807051087
39,66630.55370874362,199277.38645608604,676.8092289318649,Mumbai,Salaried,122597.83724513388
40,62307.23271796046,227314.21240018497,659.8879998061225,Mumbai,Self-Employed,141794.44793026938
19,57609.11046660947,200321.11349054688,500.86034641349596,Bangalore,Unemployed,132561.48541358154
44,66000.1203438373,178180.70547367158,703.7745051642216,Chennai,Self-Employed,110169.71517463979
59,67539.4338566851,194519.50980370847,665.0777553819402,Chennai,Salaried,127576.98707751572
19,70732.38486556291,195581.85203973323,685.5788047772213,Hyderabad,Self-Employed,143321.93662875783
43,,181499.4485058936,,Hyderabad,Self-Employed,127130.46562998716
34,47493.22879524718,187060.1968666449,504.1120942350988,Hyderabad,Salaried,115668.5187110957
57,52200.705296499844,,770.7287654832776,Hyderabad,Unemployed,161090.4653880743
50,68097.63449762535,228045.97239706194,629.8786736419751,Chennai,Self-Employed,134707.88047148992
26,37745.964935191456,185225.984098542,,Mumbai,Salaried,100756.05253055246
60,55530.099633093516,,646.8141428289131,Mumbai,Unemployed,155647.27103064235
65,44099.91781508959,183309.0255121995,620.3034566621369,Bangalore,Unemployed,124242.23312094799
56,50431.17234402226,,610.1116950232869,Mumbai,Unemployed,143987.43981769978
46,69176.77793910948,218482.1096099047,673.0656114901107,Chennai,Self-Employed,140101.6142823677
59,52866.48602029855,194634.89279978856,543.7978412329825,Chennai,Self-Employed,119728.6356033768
43,50696.54822234223,222385.84629051387,702.5405417265235,Chennai,Self-Employed,145271.4476424656
52,29602.15788530121,121456.19239657503,620.8663916580322,Bangalore,Unemployed,79645.41946347171
67,,143661.62655450974,570.8951462671749,Hyderabad,Self-Employed,95669.71817974563
42,59682.26271711613,140303.7496800472,618.499099940293,Mumbai,Salaried,88824.68863160456
41,82448.8208495819,207147.15473818535,738.0004451803801,Chennai,Self-Employed,139096.90652702932
30,136149.97942711497,286625.7499742546,612.5265439088644,Chennai,Self-Employed,186801.30854472422
24,53287.254914959085,311565.0073096316,675.0917532746735,Hyderabad,Unemployed,180726.4471133487
53,53740.75525566133,231902.55507203785,598.8330606999168,Chennai,Self-Employed,137302.12392513335
62,220985.39758935635,225042.22374722286,703.0545294946534,Mumbai,Salaried,182122.3576466634
37,48570.567014195716,109947.11329236305,697.9855417153143,Bangalore,Unemployed,66797.1744312752
18,54185.32288655509,172866.3100132989,779.4026183307487,Chennai,Salaried,115624.73058339648
25,59118.44764574809,160610.81240458804,637.7105238150549,Mumbai,Unemployed,104843.74914795932
63,52799.13684734537,168957.6200874442,696.8058363330534,Chennai,Unemployed,125160.81801592052
33,43303.49578174208,191592.80907076053,656.8647277677261,Hyderabad,Self-Employed,105032.65216380406
31,52911.34989347462,176395.47111514362,740.711024730411,Chennai,Salaried,117731.23269524823
29,66104.47624789659,,599.6817328673889,Chennai,Unemployed,126036.70500398707
68,34602.270508834095,237395.5128058767,702.1503719014097,Bangalore,Self-Employed,157097.52525786826
40,51994.54511220314,146362.84871300968,636.3711892718322,Hyderabad,Unemployed,100633.21895349877
32,39498.1877759124,211962.34320555747,645.5068276024051,Hyderabad,Unemployed,127532.58202792735
45,67925.69943387264,303704.1334874987,656.4226739113861,Bangalore,Unemployed,177992.9789632868
51,27152.19642824338,154030.77042067883,667.6568277498674,Chennai,Unemployed,84806.40186965492
19,41616.17229092617,73485.62386268351,641.8639669814629,Mumbai,Unemployed,58760.23121484354
49,55658.17812596781,185699.78890599447,665.0299228219368,Hyderabad,Unemployed,102374.62102763934
40,73482.86043851511,255047.98174992856,760.4682640293529,Hyderabad,Self-Employed,143810.69076096264
39,49013.746083905186,297917.3727110297,718.9814779930653,Chennai,Unemployed,180977.00932891204
68,41672.00709960202,138522.52027737917,710.8408214747827,Chennai,Salaried,71250.02909287736
42,78217.35604160884,224834.9611618261,,Hyderabad,Self-Employed,138868.0741422706
39,28279.79149375634,176734.47716099734,587.7531420240173,Chennai,Salaried,92237.44253627617
39,17017.910650698774,194702.58228479323,716.8710390766427,Mumbai,Unemployed,105600.66780447603
66,56600.216750799984,332217.1673508517,711.3232754770856,Hyderabad,Salaried,192047.3344788302
69,42469.18663471083,124851.48358024233,753.0869473025688,Mumbai,Unemployed,92542.92016320182
59,34681.5077430393,212686.98307472866,607.721356182154,Mumbai,Unemployed,135001.49331942486
23,60625.3467094903,,633.9315941247758,Chennai,Self-Employed,127029.71705664246
32,53657.010706567984,254289.31624696736,535.2361086232196,Mumbai,Self-Employed,143934.50305541864
60,41538.820538949076,204899.15767354477,622.5270225757389,Chennai,Unemployed,161661.99644633406
54,30795.434019936583,215402.5269752051,719.7599357405613,Bangalore,Self-Employed,121637.34619163552
50,63086.859924202174,180417.57162891043,617.3453234540261,Chennai,Salaried,106486.18906629707
25,59753.017669379915,213456.34706225537,694.8335856640576,Mumbai,Self-Employed,124444.40706116785
61,48512.36204330926,182840.38622512948,636.6647825801532,Bangalore,Self-Employed,109899.15038826574
61,77699.554940715,231078.59449280254,672.6839919755092,Chennai,Salaried,141648.63002048625
22,33948.72850510771,181519.4831978183,,Mumbai,Self-Employed,104297.2749456218
56,27117.122436128917,218855.01969510934,655.9646614743731,Hyderabad,Unemployed,123908.02765587142
21,39621.378951781335,198536.8593157511,440.6204820369494,Hyderabad,Salaried,115276.96954084779
23,49316.209754667536,256302.5125386084,636.9172689286611,Chennai,Unemployed,139760.42691227913
62,160950.27521952114,197430.31382057568,535.8668729399402,Chennai,Salaried,156052.2184171049
49,46381.459132155054,111348.37658965593,734.4196161582771,Hyderabad,Unemployed,78143.29169486409
69,55280.83094771445,263096.0750356996,704.4185146935158,Mumbai,Unemployed,160142.28865459855
47,31226.90863714334,154713.38495686906,682.6669687376257,Mumbai,Self-Employed,76406.89421970223
64,71656.46906109889,167311.683067559,756.4704359011566,Mumbai,Unemployed,114285.92904803551
52,48767.732324111465,170216.9352978254,583.5758435422614,Chennai,Self-Employed,85718.5826225486
57,66759.43747382192,268721.90465854085,772.3154238540891,Bangalore,Salaried,160356.2288651921
69,55140.88019566556,93216.28930106522,715.2534094982269,Bangalore,Unemployed,76882.3057317453
33,56851.29828730676,356887.4266829997,633.4411298946737,Bangalore,Unemployed,212291.30564266228
30,,252802.8404533026,729.4934103028061,Bangalore,Salaried,154604.90773169434
67,56715.628400259724,211161.94570645798,572.5594541311856,Bangalore,Salaried,135075.16326754866
59,59640.84139801316,197255.29996918567,592.2840086930629,Chennai,Unemployed,119452.69287010282
47,69937.28795198648,214277.70374288285,607.398719373221,Chennai,Salaried,129102.34775151996
36,158843.45263656616,226056.1214189669,612.9715604355189,Bangalore,Self-Employed,193738.39373004576
34,60635.05636382769,,576.0409650067822,Chennai,Salaried,148352.91932661965
36,48653.964585691596,227780.22330017242,735.6158146966727,Chennai,Salaried,124112.62065810646
45,71601.75823174209,204479.03406276245,631.8801919741118,Bangalore,Unemployed,112692.20720531506
43,39854.115469110955,190133.0789846337,674.6753477849816,Mumbai,Self-Employed,109118.83312026419
54,77014.10649366223,192436.3358173244,610.0754043510424,Chennai,Salaried,137341.83896335794
43,148192.89222100453,190254.58598236594,522.5577689616038,Mumbai,Self-Employed,145298.12988738803
40,28538.373468229278,256688.50484335324,668.9040150873996,Chennai,Self-Employed,121354.60638940654
26,51921.56622366184,229677.83611404308,516.1421517206156,Chennai,Self-Employed,133803.87520942718
29,39784.22513787678,52980.568266785995,645.1956167740173,Bangalore,Unemployed,44853.492340010685
18,62609.65323483086,232795.03882648805,554.2179472817032,Chennai,Salaried,116565.92106185551
18,40210.640310464136,209736.80973593873,789.1093199461566,Hyderabad,Unemployed,125064.35168107208
64,43307.248501778304,199064.56217770514,713.7953905522305,Hyderabad,Salaried,109528.72946899511
51,21656.889035817036,180574.0773455557,657.4027653890037,Bangalore,Salaried,85002.66892952984
49,43215.405211263846,512411.2719986014,738.4594674358268,Mumbai,Unemployed,292599.9280386921
65,13641.81010056565,247376.3231061429,590.7578815773985,Mumbai,Self-Employed,123112.26139116583
42,26241.45764771415,161356.11660881955,688.0435565069065,Mumbai,Self-Employed,88758.08380923029
57,61406.21984216446,220352.61435622675,663.9867303603099,Hyderabad,Salaried,128432.21157369902
62,61787.00237976248,151417.1632729357,668.4814056933569,Mumbai,Unemployed,100951.88391657318
18,56381.86342677447,131019.09176055348,739.0647450074738,Mumbai,Self-Employed,107477.85842894256
33,35495.3578530618,168664.13877050174,701.2744471945862,Bangalore,Self-Employed,90031.55251075595
56,49284.3296578703,243119.67361913793,670.2106563977517,Mumbai,Salaried,139979.20712642162
22,49945.96191364148,247656.25226880432,534.1578794640193,Hyderabad,Salaried,145362.1122933988
39,32624.529662111858,225654.27100486465,582.7967593304376,Hyderabad,Unemployed,119754.5445227752
46,72550.97452650726,236254.78934239986,641.4103746482994,Hyderabad,Salaried,143077.92672984904
20,63160.43435863507,225808.91435574793,656.5360661993656,Bangalore,Self-Employed,144362.9462149537
29,46685.53739255504,167925.92023885238,570.8857392728253,Bangalore,Self-Employed,96120.42886285603
43,50403.28758491796,221596.12723369704,818.8173672904895,Chennai,Self-Employed,130720.79847792702
33,53125.74211921329,240020.47626138412,756.1475838677501,Mumbai,Self-Employed,139195.89733594065
68,19373.97697363564,237714.5664906787,692.1482824274739,Bangalore,Unemployed,130552.8923503614
54,46292.339262191046,259445.66857373214,655.0425802898621,Hyderabad,Unemployed,152592.47901465444
39,39770.23628003302,235415.1923600532,635.1453721069194,Hyderabad,Salaried,141855.7284661745
46,34975.69985157627,217572.41037707916,583.3657077984435,Bangalore,Salaried,144488.11524162028
31,45783.495606710676,253507.51191582138,655.4236362963204,Bangalore,Salaried,120458.27668434498
45,76965.29790274284,198673.937037547,668.0426778099926,Bangalore,Unemployed,127433.07127564187
22,59612.64291900515,155906.2674386141,563.0767597162862,Chennai,Self-Employed,87823.33346974953
64,41432.31515325805,191846.6518028118,673.3923492071428,Hyderabad,Salaried,111233.2439329457
66,175766.22516102716,162754.86775967755,639.1318665822675,Chennai,Self-Employed,149307.2934009104
47,70990.33154879004,166241.0862512809,516.4534709485827,Chennai,Salaried,121560.10252118707
63,63869.50524369153,192774.0664642241,589.7730492454349,Mumbai,Salaried,133892.76106585795
69,50894.45554880261,160379.00395000193,621.0476126604849,Hyderabad,Salaried,114021.23991475083
22,40295.94833441639,184601.923518048,782.1381360138133,Hyderabad,Salaried,110471.77690328275
29,60473.34970420385,105319.26665231072,688.9587187173631,Bangalore,Salaried,91676.52817166178
33,55902.28078132625,210664.68536864693,556.5162901630076,Bangalore,Self-Employed,143636.68776640983
43,,200060.27376811122,684.0225402592346,Mumbai,Salaried,127286.73632218785
43,59527.57702522954,159145.56844659048,541.6887207743144,Chennai,Self-Employed,114620.31055428289
65,65743.29072979002,232962.28342162026,725.7883737720952,Bangalore,Unemployed,143874.3828526339
38,41971.47182659148,246878.50688132792,617.0212743727485,Bangalore,Salaried,156303.23288787768
56,69760.91098451489,119622.00678155129,643.445466788258,Hyderabad,Self-Employed,85557.09898037711
53,52963.994070386,161863.76107168928,742.8057653279533,Hyderabad,Unemployed,98153.93159330814
50,,161542.88251063507,559.8985501991025,Bangalore,Unemployed,99509.1863814061
47,39662.18272865648,153004.84494455677,552.2017270420906,Hyderabad,Unemployed,92186.80422891973
54,76039.45704747873,241473.74209658743,609.1480471557796,Mumbai,Self-Employed,150484.07057737815
40,52968.66175193972,190308.6930613598,722.6865195713522,Bangalore,Salaried,108813.2836382158
27,40228.72994578327,186774.25793446947,543.6457747166211,Hyderabad,Salaried,108391.12110817933
22,42741.71248918518,99806.88177966233,451.7491081322602,Mumbai,Self-Employed,61977.952623701654
53,45194.7903770852,463541.80302092264,618.4188799113701,Hyderabad,Salaried,240743.7719593955
51,,138037.08025732636,688.6218559937645,Hyderabad,Self-Employed,103172.35206294528
69,57842.5323205325,202996.63151331642,734.0183224817181,Hyderabad,Salaried,138310.294708693
48,41394.49994092131,213868.8468979096,617.5787046540221,Bangalore,Unemployed,135842.88726069452
27,49634.68111608526,268032.9297919326,621.2001375018798,Chennai,Salaried,154277.31269959567
36,82134.05537917795,134558.98004404438,730.7730513979023,Hyderabad,Self-Employed,99003.60909583587
49,75913.14755151067,49024.39220895874,519.1180810213206,Mumbai,Self-Employed,41845.58762275228
18,56544.85504511048,209192.47723768474,622.8035457371893,Bangalore,Unemployed,131934.0595421608
22,50570.05217252301,290025.55907554267,663.329672294754,Bangalore,Self-Employed,168513.40897433198
62,51800.46990077392,261947.31764697187,681.4453104899524,Mumbai,Salaried,181767.72686387444
21,59202.769590956246,210482.97076373128,614.3135314766382,Hyderabad,Salaried,140016.4751940763
33,34658.111522023915,175418.19071839764,652.4108708194088,Chennai,Unemployed,107783.08678970864
41,46139.35193864982,240356.12983186552,475.8170852610907,Hyderabad,Self-Employed,138361.94824020535
33,24971.238891836158,151322.69001477657,,Mumbai,Unemployed,99205.0081570777
19,55988.34683907919,223817.88846781096,681.7456098788127,Bangalore,Salaried,126365.51768061216
66,59707.939095541115,225273.50795833135,581.2394176021725,Chennai,Unemployed,147757.90800399004
45,42752.20306550939,253010.495374944,654.1288955112718,Bangalore,Self-Employed,135000.76255986455
49,73609.80144935049,337983.0019455539,681.2810750561889,Mumbai,Unemployed,192272.01358599664
44,31613.515054964882,219620.79835893837,626.0215559399564,Hyderabad,Self-Employed,107172.87426131363
37,28034.376796852695,174551.81871462506,661.93246396976,Chennai,Self-Employed,108446.30926655685
41,53366.77727839958,198721.28439040028,,Bangalore,Salaried,123696.05284565268
29,65706.47453918232,111546.20475554408,635.5372104212768,Bangalore,Salaried,76225.58659607927
67,75258.91537186803,165264.3434455471,692.7151318712456,Bangalore,Salaried,102845.60974328822
52,43116.7360569659,179535.8780943448,660.9881072677904,Hyderabad,Self-Employed,123100.06320394075
50,66180.21250146943,173795.58010327036,608.9428111305245,Chennai,Unemployed,111505.24253734955
50,49422.372957489395,207617.7436016861,665.6951483003555,Hyderabad,Self-Employed,117619.58142588766
68,47410.59050088771,158879.00338088998,700.0226853445632,Hyderabad,Salaried,119882.2353303372
60,63254.89906230009,256051.53336622356,506.50411049957654,Hyderabad,Salaried,145496.64831538044
54,59784.84317620129,200010.35324590985,731.1351845469128,Mumbai,Unemployed,136638.15213582228
29,26354.11764523626,199534.98394306927,626.4621682923249,Mumbai,Salaried,102428.44330792302
20,72148.10524588844,183605.26417435412,679.7842953268162,Mumbai,Salaried,116695.44431214202
18,,207759.53419294895,733.807284655166,Chennai,Salaried,137451.16329051353
50,40616.55947735706,241254.91323338173,553.9828411938674,Hyderabad,Unemployed,137773.8833757964
57,55937.05300156114,156643.48921445498,600.3391298300718,Hyderabad,Self-Employed,103543.88202112708
27,57410.45279424108,167094.17554623715,629.8015912887007,Mumbai,Salaried,101679.89106403787
60,53910.10648735861,184813.69856116676,595.1372535212901,Hyderabad,Unemployed,98553.29224300792
61,41745.422692318694,132706.45382633928,771.4455603085765,Hyderabad,Salaried,101247.07316759811
46,39925.64948092923,159037.1070139251,590.0259534321245,Bangalore,Unemployed,92618.22411182187
30,49616.688935128324,176188.95632276704,611.1117254359193,Hyderabad,Salaried,111980.72665160461
29,67590.93528889047,243719.4590356364,664.3072322122084,Bangalore,Unemployed,155799.65734293067
48,58154.002318916486,213128.06645009626,565.8495331746738,Hyderabad,Salaried,132756.31129558376
63,44440.78501870841,209679.49556837723,622.3023501770615,Chennai,Self-Employed,117309.09412218959
19,61575.48065972517,242544.8981083986,672.2217282875123,Mumbai,Salaried,158064.9601545097
68,7271.8606905488705,193131.41058003018,626.6997716932242,Bangalore,Unemployed,110151.05296436069
67,67231.48550558156,219523.2424964445,643.4629198770036,Mumbai,Salaried,138353.43260211905
52,23904.293318328506,194838.9123533752,612.946752128614,Bangalore,Self-Employed,112476.05972933119
40,44563.38587895302,213268.11746998143,543.9870783573463,Bangalore,Salaried,142265.56872482065
34,33204.95158060784,170862.06711942088,672.5115247937467,Bangalore,Unemployed,94817.01208929878
43,,78059.14208617854,772.8453150153069,Chennai,Unemployed,60084.515836175735
25,67412.4018106778,193286.0418906848,651.2881141548406,Hyderabad,Self-Employed,118093.32771409237
46,42984.48198032163,271137.406804997,665.7684882073285,Bangalore,Unemployed,135758.67481526823
43,55197.55822596073,492621.54022415925,698.4905928581802,Chennai,Salaried,250227.59825982084
27,49296.19131681224,,561.1468652417311,Bangalore,Salaried,134388.8994124731
43,57155.612408346824,261806.5360903109,769.1760260690723,Hyderabad,Salaried,149157.28036822725
51,51152.32836590383,204432.87954807188,664.1630157495962,Bangalore,Unemployed,145933.2659349117
68,30755.116637171457,209865.78537027977,764.2299829362377,Chennai,Salaried,128785.61184871459
58,64944.002291707104,169117.4052282825,598.6876903133208,Hyderabad,Salaried,117912.21041338079
24,42593.65125258031,184196.3571986475,777.2643345790477,Chennai,Salaried,106278.13225838477
21,26651.271520103735,230788.55748855707,704.2608845824349,Hyderabad,Self-Employed,131045.54074132847
67,43578.27258551131,260194.2218584408,688.7128060096651,Hyderabad,Unemployed,173119.25061243257
62,72511.39685951466,193027.68621595003,666.3817118047203,Mumbai,Unemployed,112786.90254610096
28,62753.32613170239,177490.53675742942,632.6029967347886,Mumbai,Unemployed,118459.68415924646
46,44770.21798388211,200026.39794282988,734.0372160931711,Mumbai,Self-Employed,136897.59419661394
53,44761.13443522357,230060.33744645573,659.8251908893633,Hyderabad,Unemployed,144716.19181741096
42,45175.47423173926,127807.25919332291,512.3051207488993,Bangalore,Self-Employed,100594.71921292457
38,81151.21975341262,85190.9523431381,571.7969476805098,Chennai,Self-Employed,74787.46413966922
53,55729.0317834733,172473.15752542083,636.9907973465076,Chennai,Unemployed,115359.72652308845
27,56450.624707866045,138964.37870429206,671.6999288215889,Chennai,Salaried,94232.11992062545
54,65454.25181047763,174592.99011763447,646.0388057770073,Mumbai,Salaried,118726.6142511264
26,160745.51215619312,192610.98405912644,735.3279552855564,Hyderabad,Unemployed,142730.36110624246
41,46114.36781268945,177337.57954884932,513.4228695172962,Mumbai,Unemployed,115560.81290284128
52,47054.75226372533,272623.3767235373,660.0511555553612,Bangalore,Self-Employed,159971.1087241104
66,48925.98110878904,216337.238230116,522.7414542228992,Hyderabad,Unemployed,128700.42165246917
52,49441.66645235238,215023.7179805414,703.1798606838918,Chennai,Self-Employed,146840.07391097388
65,60914.4431545547,231110.3572021701,643.3878899890598,Mumbai,Unemployed,137609.53645629433
53,50779.18828710949,143058.34411096154,679.3726980416883,Mumbai,Salaried,105634.87586823481
35,60989.60115823369,251955.58937101343,589.5281927587164,Bangalore,Salaried,163242.74293156154
66,48789.251298371266,196211.78567322702,739.5625452160426,Bangalore,Unemployed,128693.73752413996
56,51179.52785474136,233524.03086206064,722.9207264841195,Mumbai,Self-Employed,129694.08434492812
49,20026.989732018385,146407.13834799224,690.8481012108322,Bangalore,Salaried,89710.9300791415
41,63744.91512053722,122312.06169919678,640.9337927195592,Chennai,Self-Employed,106273.58632427015
40,55197.32713846989,240894.48290125144,690.5900099706593,Bangalore,Unemployed,125726.80434500625
49,64970.15164789478,218820.47630487583,600.5175202408856,Bangalore,Unemployed,133029.8739062532
54,6556.1693270946635,154897.4222821245,709.8888961314499,Mumbai,Salaried,98137.53609718714
29,81325.62057171091,156516.84593626528,765.4636626026745,Mumbai,Unemployed,109157.53976779626
66,47906.15557767239,256271.73922073847,724.942739198543,Hyderabad,Salaried,157856.0218453951
30,66622.74225106275,140529.4053566336,598.9278271134814,Hyderabad,Self-Employed,110332.71391076165
40,34401.411093117036,282133.6476627982,675.2992122091172,Mumbai,Salaried,160460.3021129134
42,59191.608575938546,154968.96326760657,559.4800919368946,Bangalore,Salaried,105926.6703345092
52,34198.76655239516,231919.59628041915,690.0673217822973,Bangalore,Self-Employed,134038.8106595531
58,40643.465589562926,183569.07621255078,681.5422389003777,Hyderabad,Salaried,113771.05899185121
47,78710.4703080018,230159.37155411716,519.1128562327485,Hyderabad,Salaried,164909.9797807493
34,47139.7639885498,172794.29989429037,568.6751309261346,Hyderabad,Unemployed,105586.345526165
66,53261.49309769584,191860.3546963853,630.1802772279364,Chennai,Self-Employed,114678.88767032496
37,63051.015960331315,202045.95876978606,628.9398177001422,Chennai,Salaried,136645.22464019147
65,57435.22831958907,149890.62721092638,565.3366145206836,Hyderabad,Self-Employed,89400.02492412881
42,52256.28357715365,237041.2172710063,677.2285110546528,Bangalore,Self-Employed,134822.56424654336
39,55474.41503699338,174339.32167642075,667.6031526258358,Hyderabad,Salaried,104404.56393604052
30,86051.23377857413,188570.00423299908,636.4011607615037,Chennai,Unemployed,123905.63863310643
36,49135.71804449622,150282.5312695744,597.0945949889147,Bangalore,Self-Employed,93730.93234932463
66,53016.485700724515,71883.31706023448,723.4094988491595,Chennai,Salaried,66071.69512548126
53,65759.81594011417,190448.61186999155,765.8784979161807,Bangalore,Self-Employed,119187.41934360506
29,66582.88899436976,320630.7710806458,616.1506961307424,Chennai,Unemployed,193846.3938922931
58,67805.4545834057,239230.21439490118,607.1483157991626,Bangalore,Unemployed,154670.03377888177
36,59580.95333043777,199036.98101328028,684.3845365788397,Bangalore,Unemployed,117701.50987822947
29,32854.92630904275,186855.45853958663,624.9379434177109,Bangalore,Salaried,117960.64678366776
26,74501.47298451644,201123.2946406023,640.2421959535736,Bangalore,Salaried,138648.6960047747
24,32804.81910471968,227355.9557587605,701.775720620727,Mumbai,Unemployed,112927.81645069485
45,54539.531978585495,140959.35923455775,516.3450738744896,Chennai,Salaried,94939.79947833909
31,38685.86224970963,255716.0847334436,742.2811627396868,Chennai,Unemployed,141822.53158602244
48,49037.92480110511,235769.0657720622,655.0876367030539,Mumbai,Salaried,152177.43649671762
69,54931.436154552204,235909.28628539672,621.1954798806473,Bangalore,Unemployed,135479.96693513484
36,54820.35823175409,221923.78694048637,643.7536092044986,Bangalore,Self-Employed,120450.7054787077
64,56328.81131352927,200980.83288469948,647.3700548514363,Chennai,Unemployed,123564.59221823461
33,74205.6690358797,233643.061798341,528.8159087588552,Mumbai,Unemployed,135401.6676565318
22,56803.014522709695,229590.70668706892,754.6456759217265,Bangalore,Salaried,147878.5671049435
52,46337.65047064027,182297.9644529488,652.8927942589432,Bangalore,Salaried,103493.08032143804
29,64461.307524325355,171319.91135515494,681.0101491313162,Bangalore,Salaried,111633.38493430546
42,67842.05733386961,205092.81476309933,716.608483940183,Hyderabad,Salaried,145523.213692754
69,31585.88277294511,277451.00757475937,578.518627970779,Mumbai,Salaried,164971.74112111237
38,58961.00104774787,138044.64621730495,683.143032932466,Bangalore,Salaried,98320.445785191
53,60517.591134663475,126623.736712378,631.2651236370845,Hyderabad,Self-Employed,86504.01980743614
40,45536.54744960012,208238.04206182584,709.2739542651545,Mumbai,Unemployed,128701.68937055538
33,70635.6021996743,202544.3850928009,501.0940805753953,Bangalore,Unemployed,134363.6535393072
56,47749.1661945121,208667.08321852042,643.0633989831111,Chennai,Unemployed,115222.90182529007
62,51883.64680207313,212197.65989542502,607.8025540951227,Hyderabad,Self-Employed,136255.32196852408
59,47403.922635741954,188839.88726825974,680.2584065443909,Hyderabad,Unemployed,104426.76396472556
56,50233.685713722014,274493.1719301041,682.9030931157741,Bangalore,Self-Employed,164870.24196044914
31,33555.87369657197,119954.80107617422,600.4661873624582,Bangalore,Self-Employed,64979.92047518688
48,,158575.1487609877,600.147829507677,Hyderabad,Self-Employed,113436.78613760244
22,73917.57594837458,194837.26199254763,642.253424200987,Chennai,Unemployed,133649.85427216644
52,,117840.55944229163,587.2350440879354,Chennai,Self-Employed,60421.05130673315
40,35129.114758155396,191207.27977839645,708.9388586816489,Mumbai,Unemployed,113222.4966411598
46,17699.148295944276,283073.50828640093,624.1554959686788,Bangalore,Unemployed,147873.8331508242
60,40415.57378465746,201044.3244147981,446.5108246474851,Chennai,Salaried,110714.67329145748
28,30153.653098887524,211535.04528593417,623.7624560364736,Mumbai,Salaried,122522.27839768227
35,74630.22740204554,136991.76174137098,577.3019325409219,Chennai,Self-Employed,87378.03092002338
64,65147.25634013952,169181.92959802612,535.8106929177338,Bangalore,Self-Employed,117107.90628007663
29,39677.74482233414,181240.18098380315,,Mumbai,Unemployed,115203.75616183944
26,83786.53708016463,184114.2451621883,657.6585930283079,Mumbai,Self-Employed,127283.91738484647
27,64726.48230487391,264082.18975018844,743.0048579773762,Mumbai,Self-Employed,158694.0428609215
61,45127.529247370665,227884.55303625623,671.9229131705486,Chennai,Unemployed,140797.9472834946
34,12508.914276896401,144427.1021531484,607.5447628248983,Bangalore,Self-Employed,89955.52804867193
55,84364.13858886113,,681.9132936619492,Mumbai,Self-Employed,142840.17134149477
24,,,,Hyderabad,Unemployed,114262.36416302777
63,25319.01879564662,257007.45192606334,,Bangalore,Unemployed,134229.3502046214
30,65338.5564801446,279027.03432841867,569.1946132236911,Hyderabad,Salaried,162126.4210255685
57,86596.28609508909,149245.29040860658,527.3719835273796,Hyderabad,Unemployed,91117.34188960683
59,70764.09227765776,159457.1244394831,622.7053405408388,Mumbai,Salaried,109424.87464176257
26,58458.636800785396,137121.10705426917,661.0637442944093,Mumbai,Self-Employed,106818.83408355046
67,58921.315124979286,188299.00704465093,643.2363430989577,Chennai,Unemployed,130775.16515840475
44,62801.23338170462,223317.91872231674,620.8823150436849,Chennai,Unemployed,144104.41396615535
19,61383.92884680148,249366.7258294551,583.7977757512253,Chennai,Unemployed,156213.63866499576
22,54217.87135954064,196202.44881787387,692.5772334179478,Bangalore,Self-Employed,143445.3134606124
46,51563.01655927814,184007.6238372578,557.800765603739,Chennai,Salaried,121489.36286423335
54,49061.103081507164,207587.89961243703,704.3219539690433,Hyderabad,Self-Employed,134811.85713824455
55,38690.531166999855,158242.85491849884,579.8448086751292,Chennai,Self-Employed,82137.88795273913
36,45789.87384699839,,597.3295333852875,Mumbai,Unemployed,185276.91347388443
25,24605.647787069218,119616.94864409706,547.3250366569026,Chennai,Salaried,76648.39252779394
65,48524.90559807875,209237.02894478623,614.9018497180055,Bangalore,Self-Employed,124527.16119467001
62,35171.133392736236,301180.310961482,718.2718720934586,Bangalore,Unemployed,165047.83297881408
18,33446.160241763435,200339.9922279999,686.0939661910769,Hyderabad,Self-Employed,111578.8294817473
39,52698.41226730218,190498.04824992528,718.4895478419625,Bangalore,Self-Employed,130811.21206718188
69,70880.034295169,182127.72885947864,686.5499782153755,Chennai,Unemployed,118909.78520787002
34,63774.7490900347,190980.41591187962,572.7431120028741,Mumbai,Unemployed,115233.27821427648
24,26442.490945652346,268642.4237338265,626.844754297071,Bangalore,Salaried,140806.93864627852
42,35155.57795144494,89406.90443352466,595.3860609617776,Hyderabad,Self-Employed,62909.97415644216
62,64111.567819823234,276671.68506481627,743.1402432827329,Chennai,Unemployed,161404.6182690046
21,35262.68909692536,,566.2247947501583,Hyderabad,Unemployed,74764.57034032901
53,,186667.38353827927,712.5588382572378,Bangalore,Salaried,100626.8712839707
23,58250.78148536828,178537.77898506692,712.5067709076138,Bangalore,Salaried,123462.76524226506
48,35474.83317704547,229427.663488536,778.0734141201261,Hyderabad,Unemployed,131756.7830840852
36,51580.6325921894,240187.56481162526,621.3219385159351,Chennai,Salaried,130928.8049983886
61,29989.617576226934,223108.63330409714,699.8625511706114,Bangalore,Unemployed,124837.46602329392
56,,301215.4811643426,809.715628557719,Mumbai,Self-Employed,176490.0630296242
44,54796.72901213806,131841.29977035947,606.7650826146412,Bangalore,Salaried,88715.72813100068
27,26105.09399702496,209485.3083805198,542.5471826727348,Chennai,Self-Employed,119909.59169380083
43,56607.121069405985,166900.89111016956,518.3992976264565,Bangalore,Self-Employed,106042.05743207423
36,49705.433016099785,221294.3603096518,699.8898420202931,Hyderabad,Self-Employed,119789.15071544795
56,58287.34931625721,200957.3888707876,518.1794854358991,Bangalore,Unemployed,132631.77951726527
20,53358.712010969924,167925.65454778454,623.9376662943454,Bangalore,Self-Employed,89127.35593630737
62,70462.10644960766,224393.6142435537,680.6119230927272,Chennai,Self-Employed,144756.92403370084
30,51878.36753971861,290217.40548933716,662.962287578094,Hyderabad,Self-Employed,173457.54509731958
67,43558.91688312121,190454.81041363507,679.7811404928921,Chennai,Unemployed,112894.454638891
45,51834.46254548425,235987.89710740908,665.5602899060598,Bangalore,Self-Employed,143734.11545446597
37,58149.470435545816,135336.3521064418,739.5206069319376,Mumbai,Self-Employed,89736.86856080181
45,50732.901054885566,152178.18115909956,583.3378533482842,Bangalore,Salaried,100797.29146040945
25,50608.87536805824,223620.31389401888,602.6103403079028,Chennai,Unemployed,142948.148395695
58,39470.12468289867,274205.8014267982,595.9138388310423,Mumbai,Self-Employed,146981.81224272575
56,40056.48623673578,217780.667439283,708.1134268303827,Chennai,Salaried,134728.06244848907
18,28960.920923004596,184347.09847384228,713.0279011876545,Chennai,Unemployed,124916.08454958018
20,76243.65114780409,199964.5702711677,681.5857723522955,Hyderabad,Unemployed,132316.89082879166
30,,137479.61330151412,732.844556682295,Mumbai,Unemployed,80439.82541410511
45,39606.42203306139,230225.76631776834,567.5371392836533,Bangalore,Unemployed,155302.5095524945
66,39223.89101646204,244116.65311617046,766.7056878085796,Chennai,Unemployed,142379.6131315572
42,190271.59696249987,177395.48335834598,756.6267035198581,Bangalore,Unemployed,155660.78684115032
50,45575.75482561958,176497.89261202494,701.4935398072023,Hyderabad,Self-Employed,111460.35024710643
55,68716.131090106,213293.91148260242,774.7259236139741,Hyderabad,Self-Employed,139487.68758046557
23,39897.640636341974,178164.01319797023,534.0363754625558,Mumbai,Self-Employed,103002.91309002342
61,54184.91243335703,196693.3692687089,613.2886304616144,Hyderabad,Self-Employed,122634.95327601941
62,37469.794201103636,304986.08945832576,598.5287577522633,Hyderabad,Salaried,179241.1080013843
49,82177.23691660083,187648.71496270018,700.503552663014,Bangalore,Self-Employed,121748.55387061292
62,32186.02371455731,182082.9923989389,576.4901482278498,Hyderabad,Unemployed,102262.26502484817
64,54647.31065340541,167622.90971824204,703.0246604536239,Hyderabad,Self-Employed,104315.04990499235
38,59506.65321398148,237209.59857499684,745.9375300797699,Chennai,Self-Employed,132938.44237264874
33,56206.986461772474,190938.79133909484,698.6642030058799,Hyderabad,Unemployed,112489.73901962227
38,47220.68511683438,167531.3480839287,669.8625716563051,Chennai,Self-Employed,97394.70605717675
28,48052.689503998605,266065.2016136506,580.8488661369475,Hyderabad,Self-Employed,153251.67108271408
54,50657.17207968664,270980.15022568183,590.7204323712244,Hyderabad,Self-Employed,164955.88761751683
53,47794.96997557267,169978.82171306474,737.4733233707667,Mumbai,Salaried,121239.77605170655
52,64458.18675192365,106673.00243196919,704.5544302733732,Mumbai,Self-Employed,80291.38771621407
36,83157.84502387026,250375.6844918461,647.2686336435719,Chennai,Unemployed,161172.57960380692
37,41637.623224882496,165768.5087119998,620.7463317963876,Hyderabad,Unemployed,104016.94270050549
35,29452.955306313834,239531.27995813842,508.1934488822036,Bangalore,Self-Employed,112749.0715077188
64,48675.76927473118,101494.80911440823,575.0403306920892,Mumbai,Self-Employed,59621.62952794162
58,88695.64006481477,244629.86691496545,783.7993360997807,Bangalore,Self-Employed,164374.26174957235
66,37944.88148045404,139441.40353596094,560.3681100298273,Mumbai,Unemployed,95292.69903161075
31,74586.75208166102,236538.20595332622,663.2635874854757,Mumbai,Unemployed,155633.84472721588
32,75165.51221114662,200713.65339182172,720.5210781236639,Hyderabad,Salaried,128333.5712958576
48,41696.176374380084,152303.02903016776,562.1554132398395,Mumbai,Salaried,74333.57695378654
18,58534.74618777913,179648.18435366097,662.9297332346758,Bangalore,Salaried,103728.56350871926
20,74425.94934692807,234315.92284783506,715.6540876257459,Mumbai,Unemployed,137887.2086477818
33,44313.08388518769,205294.72265576173,650.8749525335076,Chennai,Salaried,128737.72180967938
40,46946.29459846457,229220.64902362422,850.7882138966738,Hyderabad,Self-Employed,133628.38406615227
28,41274.786290770346,597644.0584515486,533.1980518785264,Hyderabad,Self-Employed,333440.4507130948
29,34778.649039607,121787.91941444743,724.1109970918715,Chennai,Unemployed,93245.0477686321
27,40260.83682400989,280860.6287484312,637.9038783822475,Chennai,Salaried,175624.5886674497
49,31640.895998566153,205217.79687616066,704.0344108385673,Chennai,Self-Employed,109976.38140960364
33,50511.25202388839,155060.79758384358,680.8915006189472,Mumbai,Unemployed,104401.6015266935
25,38450.40153412038,133484.3187130505,598.6790662023002,Hyderabad,Salaried,79488.82958940568
55,53506.788676861215,190543.9804611483,666.0297474721539,Chennai,Self-Employed,121263.04249068696
29,26661.56530694559,246082.50559622297,519.9468984021199,Mumbai,Salaried,128183.05394677678
41,54963.20348321686,193622.54398112328,692.2273250399976,Chennai,Unemployed,132484.06996144124
45,62502.93442413387,275557.7465123674,670.8710926193368,Bangalore,Salaried,155369.14900757835
25,20093.96536142817,127441.21549742206,694.7062118050171,Bangalore,Unemployed,57223.46922847869
45,55610.848547713584,199395.55260769726,724.0682827561005,Hyderabad,Salaried,143959.52185315534
53,68415.03488709938,137380.32777934405,675.7333888146798,Mumbai,Self-Employed,100396.97503962793
43,31855.38471963192,218181.5941312484,660.3662593858793,Bangalore,Unemployed,114559.8074311913
25,75088.58580256555,244344.36950486503,588.3252164337096,Bangalore,Unemployed,148959.30150684787
67,56285.285140490676,178961.91031594735,600.1445465445664,Mumbai,Unemployed,106599.4152183977
45,39424.82216362387,69789.3071686433,733.0714234124132,Chennai,Salaried,54110.22893557735
45,49163.46383513441,209947.4073398247,750.5434783994185,Mumbai,Salaried,135255.98596359507
54,58374.903687825834,221836.92758667548,633.3322694581562,Chennai,Self-Employed,141222.04852330335
58,51140.080871186176,220214.73774808488,653.2201923077292,Bangalore,Unemployed,134518.88526356072
53,58081.33988669554,261789.1095911077,586.6769937504364,Bangalore,Unemployed,154238.25783216197
44,36189.89610380951,146447.31601754756,732.0929791687212,Bangalore,Salaried,102188.26420688395
34,52540.41236054117,234010.80527252247,696.5791776584246,Hyderabad,Salaried,120478.7359376389
26,28794.282546425296,259625.37562389876,785.8852205524624,Hyderabad,Self-Employed,138820.49784879724
50,48331.60907976949,111070.62079967416,588.5173845974183,Hyderabad,Self-Employed,66133.33863718044
37,36441.38537802815,215982.59129594886,623.5394470687248,Mumbai,Salaried,135221.68346209903
30,38967.050861153504,174791.00844961643,666.2012145767901,Bangalore,Unemployed,98356.70547213746
45,68541.39762815656,195923.8663449177,695.254267640804,Bangalore,Self-Employed,112617.34121440937
65,66369.65180891403,217383.82417691682,634.9032653716657,Mumbai,Salaried,140445.11574601862
46,,175638.5717943224,588.8927236682409,Hyderabad,Salaried,102361.85886882865
30,33615.308529911315,166214.5960419194,711.6985270246499,Mumbai,Unemployed,96801.61102509602
63,135761.6197637339,201707.62087440124,700.4794753781907,Hyderabad,Salaried,172398.5301289197
52,68196.46549968775,145637.70305685987,585.8608129605393,Bangalore,Salaried,107007.78484797639
23,52125.753704598574,145708.74355574074,744.8809960773847,Chennai,Self-Employed,93830.50177587704
35,84789.94309972541,233968.66414782515,731.9139096437623,Hyderabad,Salaried,148529.172840826
68,55899.76759091558,142560.2982420672,659.4007548073455,Bangalore,Salaried,103718.96280859644
22,52880.73674735047,233315.6250454606,655.5718503663226,Bangalore,Self-Employed,145706.45635164497
64,45363.25303696248,223129.56464269757,688.7840439781135,Chennai,Unemployed,132817.59356672803
42,52003.11357173423,,589.6807850820619,Bangalore,Unemployed,79388.17312497021
19,47712.952454291844,166121.76738321723,652.1022035414858,Bangalore,Self-Employed,89097.30665893131
27,60621.630150328856,259705.47015236862,499.3331518773574,Hyderabad,Self-Employed,136132.4501393672
47,64350.53475191876,150941.72344301592,711.3518951852055,Hyderabad,Unemployed,100121.31834120059
67,38210.158092380756,176779.78688453062,540.6954744290698,Chennai,Unemployed,98927.04376080878
62,30031.50569663333,223103.04466259482,755.23938799003,Chennai,Unemployed,133974.15826359135
22,22456.919403450553,239169.52546412978,626.8915934223485,Bangalore,Unemployed,134562.5519253798
50,57619.86990368816,187423.0556977752,635.1833112648176,Hyderabad,Unemployed,109621.57799769845
18,33449.50090739189,170124.49026541793,606.0586265740847,Chennai,Self-Employed,102789.66626563095
35,17706.64110571276,271118.4930849254,629.8372788254546,Chennai,Salaried,142987.28380688184
49,55828.67906796446,286944.9831898789,749.2971941603626,Mumbai,Unemployed,188380.08103707273
64,87394.99276149186,248942.9025390898,475.85339404254444,Chennai,Unemployed,159310.90602804744
66,49908.9363269016,204265.90712825122,739.3875770261732,Bangalore,Salaried,108893.44036212853
28,62577.36161677463,159586.7139179537,673.6616436771196,Hyderabad,Salaried,123508.33288297625
38,51227.440378213476,316955.5593443435,565.5084846499949,Chennai,Salaried,173169.60659256324
43,145549.9656063986,226125.70526328788,574.7281324865534,Mumbai,Salaried,152727.75373062736
42,63786.14724481653,220919.91104443418,767.3475119045743,Hyderabad,Salaried,158706.141340143
39,45645.88183717023,270079.92964732146,583.8145184040088,Chennai,Salaried,158030.24113680754
44,54010.88471107854,232522.50462680697,569.2654642582828,Mumbai,Self-Employed,145164.83244136476
66,54825.467092940205,124845.9849120091,729.6120179655311,Chennai,Salaried,93497.35392226341
30,39978.64319535427,252597.38088614593,673.6987013400139,Hyderabad,Salaried,142969.37325270133
50,64880.635243047844,150096.96863427936,584.3452096424521,Hyderabad,Self-Employed,94632.07428461534
51,47375.60364956887,180801.43640238242,665.1637482783233,Hyderabad,Salaried,107172.4622294677
58,38663.82260760733,212510.01031258472,578.1973121451806,Bangalore,Unemployed,139724.78785246672
52,58047.64765355605,299783.3744891982,727.0574978895824,Chennai,Unemployed,176614.43205162982
18,36522.98027313444,355495.92780026805,724.2959675411194,Bangalore,Salaried,209076.96805464692
38,50422.717360536924,230336.15295680915,687.240433917536,Hyderabad,Self-Employed,136402.844753456
65,49863.21505033695,190840.1690639806,,Mumbai,Unemployed,109578.37601652686
23,66288.43348747367,,773.2831687407162,Chennai,Self-Employed,126559.83820698246
45,57120.47349319929,244382.7712936918,649.9780429171758,Bangalore,Unemployed,152307.33997551785
34,49624.595618822845,183966.6187221404,567.268811220544,Chennai,Salaried,129484.35694304224
22,62266.494488004304,289760.5677956161,681.4631738982615,Mumbai,Self-Employed,161515.13390072697
48,,423007.0759191402,796.023293467598,Bangalore,Self-Employed,245853.43055120416
22,58367.154595277934,224887.1544545697,578.9668354769904,Hyderabad,Self-Employed,121987.23480383064
55,50155.28929765071,233296.21260272307,624.697606331421,Bangalore,Unemployed,132384.70238335204
20,,221079.3305307228,679.1512226671017,Chennai,Unemployed,129107.28230020218
40,34023.29505386941,241947.02502348062,646.2266605695983,Chennai,Unemployed,120359.82677689308
54,45421.629434679984,169137.34067265384,581.238749373588,Chennai,Salaried,103827.31413317297
54,40857.31696761075,172084.91230269847,728.530049936133,Chennai,Unemployed,97217.94700682235
27,,144992.28835141525,812.4028505412082,Hyderabad,Salaried,100826.39407506793
27,50849.74887345661,221975.0615310113,663.7292021316736,Bangalore,Self-Employed,131225.74102732405
36,57945.391315350964,238946.8251756057,586.71521971848,Hyderabad,Self-Employed,152118.57237426878
34,48942.518329113635,222888.6433075943,541.5727632462567,Hyderabad,Salaried,128746.82191754563
38,57297.52465739303,283724.62166737684,668.0583186854826,Hyderabad,Unemployed,152108.35621946608
31,,199720.19905854767,,Chennai,Salaried,107553.3477258781
26,20368.00150469193,233437.08277962563,683.2617422546767,Chennai,Self-Employed,110571.46422818747
63,35909.96909271869,145414.95619303428,649.8317311356802,Chennai,Self-Employed,96308.36446178943
18,47838.686664175766,180645.01487627995,608.7509843747486,Bangalore,Salaried,136338.93247383012
68,31854.578857383385,234776.88787828886,573.5485457097337,Mumbai,Unemployed,137032.68442530808
62,58998.93094994307,242455.10553715721,708.4325928427418,Chennai,Unemployed,162732.02680203234
30,72961.26248515546,185301.6526167909,713.964013496991,Bangalore,Salaried,133014.5780968022
21,68281.42777545974,392840.0748141933,541.7989149316487,Chennai,Salaried,217139.0947903102
18,46798.35693604688,124106.31266595953,761.2887284726479,Chennai,Unemployed,96358.71050842655
66,72360.89205274929,182148.53995966952,690.1849854625801,Hyderabad,Self-Employed,114898.6405351602
57,52230.01185803167,244519.15817598932,747.9716251602056,Hyderabad,Salaried,140821.2202016226
49,44943.71043322941,228760.2508053283,556.0510576060419,Hyderabad,Unemployed,131337.8258493303
51,40798.960046885906,225033.28606906047,554.3923091209193,Bangalore,Unemployed,128688.2739165339
45,45462.95470267808,202488.684359048,639.5721483162893,Mumbai,Self-Employed,127892.64470535179
48,44177.34772188157,200353.15793140882,685.1949098826636,Mumbai,Self-Employed,113572.86502218746
25,52556.243335632316,166983.94302632764,775.7452576048875,Bangalore,Self-Employed,115907.32487573216
56,52408.60971574797,234941.42101012674,699.4255239670592,Chennai,Self-Employed,148934.98948977306
43,50045.69030230122,221048.64721946948,633.0123106231576,Bangalore,Self-Employed,135297.78913110154
51,56554.072546195246,224600.94239963996,578.1541554633875,Chennai,Salaried,154444.35360438685
20,67859.69412179512,173698.257866621,736.1000400903405,Bangalore,Unemployed,127441.96405733551
67,64243.312031619855,92332.85400643777,582.47062019745,Bangalore,Salaried,81961.41971668399
29,27726.53047325145,254857.63558768478,763.9927988340626,Bangalore,Salaried,144048.23866959094
18,11691.182976470678,176058.1271995798,630.0930745275443,Mumbai,Salaried,101355.0106161498
61,64014.79866858911,156861.21179784398,761.3407450832495,Hyderabad,Salaried,110486.52658120876
22,29496.819523768685,,697.5251903041495,Bangalore,Salaried,133293.684293298
47,46628.518971609745,180399.36800404353,640.410315739028,Mumbai,Self-Employed,106836.64824781026
47,32448.304609109608,252996.8192023311,613.6422539721711,Hyderabad,Self-Employed,118312.19609485702
34,22970.293436299704,230850.29747883487,626.1364485857744,Hyderabad,Unemployed,135755.25534741333
65,58121.94092307182,234178.46616002388,679.9821684662667,Bangalore,Salaried,151740.10921042968
64,61387.327404539705,131702.2144399733,655.4009547352401,Chennai,Unemployed,79210.12642713259
40,41352.34398909921,260597.19926932003,608.4332014351907,Chennai,Self-Employed,154840.32134294658
32,11134.365617826348,213062.5265616928,638.4058012777657,Chennai,Self-Employed,110340.36419579672
54,41806.33327621276,181536.14303768985,655.5003920803405,Bangalore,Self-Employed,106199.68359844142
38,55877.060081038195,207169.42336711255,500.98861339096317,Chennai,Salaried,138465.3211154109
31,27816.32646838807,111188.238355084,682.071768035209,Mumbai,Salaried,60853.39089627038
19,52750.39879668733,220432.64057403355,581.4195142698235,Mumbai,Self-Employed,121934.15718178899
28,49770.35226240507,148531.4245908964,569.2667317755978,Mumbai,Unemployed,112937.82894836567
68,58689.37249401632,132366.48570782327,531.8858957022503,Mumbai,Unemployed,87653.3465737752
56,51793.705526212296,123882.04068910544,524.4275251492477,Hyderabad,Self-Employed,95188.86318621958
55,35403.96588677667,255634.41874949625,555.1186747821398,Mumbai,Unemployed,128002.55727031319
51,67948.57252496737,168536.83031536057,600.3685329658657,Chennai,Self-Employed,95470.63954892062
55,47622.05640459545,276686.385495825,786.7281396268597,Bangalore,Unemployed,151367.6459097755
67,49590.43190735102,173209.9268473851,613.1884226873357,Chennai,Self-Employed,102799.36945744432
51,36000.98061390206,114632.10212035266,662.4425074387622,Mumbai,Unemployed,60707.90435220344
35,43350.766232127346,144173.77800256704,678.033697055443,Hyderabad,Salaried,95565.42060577615
47,36727.95928959649,261790.58100034692,659.1745630351094,Mumbai,Self-Employed,152851.36560397132
32,47405.809101148654,192205.09110316663,644.5789577491804,Bangalore,Self-Employed,107788.64908103434
44,75675.62720213515,172585.63517546994,566.3294365480529,Chennai,Unemployed,106472.81311994803
68,29421.482856029656,208000.9112926394,751.5649283795449,Bangalore,Self-Employed,113474.73544840842
51,25796.579031848883,225089.13680837725,776.5037650546519,Bangalore,Self-Employed,116399.7217753594
69,72067.55491240413,255869.94079512305,532.213891411412,Bangalore,Self-Employed,125921.79878561772
55,46860.14484272201,272424.9614946463,578.3179986379535,Chennai,Salaried,155203.30112507066
50,39963.908920101254,182011.56771054573,630.4132760336096,Mumbai,Salaried,104994.71236462957
41,65598.57031094114,133697.61569589807,582.4823543562866,Bangalore,Unemployed,89071.7440365285
32,40915.766903947035,179326.7419438362,685.4175887419105,Chennai,Salaried,98674.2417204336
47,77390.14570320403,213014.02532914432,599.0209458315371,Hyderabad,Unemployed,143819.24082535141
59,60168.88807008904,151812.05368946947,801.5539247464621,Chennai,Salaried,126226.14840739689
68,42681.32887781446,152142.45425524784,733.3384016040517,Hyderabad,Unemployed,87868.16124679723
34,82359.62319898256,217189.39407749427,664.8801821442551,Chennai,Salaried,153948.34720960795
22,40914.27615494993,197567.38242147744,721.8890384323813,Mumbai,Salaried,121943.36256302043
46,61131.430580139604,201639.8497705793,727.4130297050116,Bangalore,Unemployed,126787.68327420599
21,163468.16611829214,162075.23326499652,610.523675835923,Mumbai,Self-Employed,132742.0758607168
27,69526.11934098197,188479.96428971164,592.8647928820625,Chennai,Self-Employed,120194.29717363112
34,73422.66795090279,153788.34278658478,655.4700144078753,Bangalore,Salaried,116971.57881962825
27,50480.0622359865,244509.92055623935,710.3145287148561,Hyderabad,Unemployed,133121.31462649905
34,38698.73194480725,251762.46673618763,659.7342279057392,Chennai,Self-Employed,141338.12791907886
37,56899.582144086744,107690.60688809531,539.6102462466301,Bangalore,Unemployed,88801.282627965
41,39834.26945371841,153524.4569903795,593.802288923441,Hyderabad,Self-Employed,104487.67915581964
22,80200.80871289935,125173.53724549605,644.8218995483935,Hyderabad,Unemployed,81869.37084259932
51,52048.02996624106,167498.80327965508,644.7034076971919,Mumbai,Salaried,103984.92592886132
23,44520.17673031837,195828.10151048197,,Chennai,Unemployed,126430.96177642964
19,52770.204587973625,127517.7390150735,552.9808440320701,Hyderabad,Self-Employed,91754.0205174605
30,29793.10565705455,153907.00934373433,685.3912469285112,Bangalore,Salaried,102496.69405070152
60,35425.789422340225,149802.13139592507,754.2379175829802,Hyderabad,Unemployed,96914.04058216738
60,68006.20861916638,210363.36646994718,809.0014821795958,Hyderabad,Self-Employed,139193.0921224773
65,40146.58581542906,203467.21685181253,621.6921803771227,Mumbai,Salaried,123422.47019357778
28,34296.3352597709,163913.12233313732,684.400061690414,Mumbai,Unemployed,114886.79313668299
68,58049.79128790929,208841.0436069699,689.8832250039053,Bangalore,Self-Employed,124516.1796455846
64,67785.56231994496,172665.99577063674,663.6837212087304,Mumbai,Unemployed,113787.41542284134
40,182352.898979928,186417.24448369734,643.0808359132486,Hyderabad,Unemployed,144195.61197178246
33,64940.715287087245,283672.60451492685,680.5182772650032,Hyderabad,Salaried,156003.48194819552
48,38648.073671458085,267023.0525895174,472.742774034622,Mumbai,Salaried,153082.94314712618
28,28672.839998872343,135020.9381536201,697.7448643043842,Hyderabad,Self-Employed,75847.90706009709
33,72520.0047793323,241486.62089395872,658.8324532563377,Hyderabad,Salaried,148510.78038436887
25,45159.802417367966,240569.8277245796,634.4267572255214,Bangalore,Self-Employed,156354.6152649975
21,46237.50475317429,142586.8355623691,793.280353700369,Mumbai,Unemployed,108696.84976786873
57,69922.91212773586,240938.88218774303,602.7546186846613,Hyderabad,Unemployed,169714.3087059219
21,58343.4501410099,276896.59592062765,621.7846807654479,Mumbai,Self-Employed,178545.70489426248
42,56838.31658122411,143872.7596877793,789.4087311543313,Bangalore,Unemployed,120912.1440476551
20,82475.03517351625,154124.8589492868,591.75570866051,Mumbai,Salaried,112087.793791429
49,40347.22654429785,250883.0733421751,611.4919301944423,Hyderabad,Unemployed,134630.41810987552
20,63917.60192121856,213574.7655412824,639.7082203598405,Mumbai,Salaried,122355.81985575038
44,50855.19687345627,227573.81376197617,708.8514137490685,Hyderabad,Self-Employed,150095.28615493083
46,54028.88418294885,217029.46082002483,664.5461755147319,Hyderabad,Self-Employed,131885.12244814858
49,72927.02639618798,219534.7960464072,559.5162256993416,Hyderabad,Unemployed,138501.98335751356
67,57617.53634434436,133676.39358444585,612.7482005810967,Bangalore,Unemployed,84760.22882179906
68,58074.441185744494,252365.8853310724,607.4851896751452,Mumbai,Salaried,145388.38752151816
36,66087.61005964704,258479.49962138868,644.5945268343868,Bangalore,Salaried,159349.5709947016
38,44525.70905685672,188530.46279659861,679.8090561040881,Mumbai,Unemployed,103868.79977515683
22,37411.85498991491,197826.15250930688,679.274402912158,Bangalore,Unemployed,119500.76143883045
35,34327.862089684495,,525.6791772166118,Chennai,Self-Employed,92388.26478652972
45,20504.65115935997,225712.73780089174,724.4758691292599,Hyderabad,Self-Employed,104916.16452295826
59,80843.10694910484,228602.8720857072,,Hyderabad,Self-Employed,129818.04753901153
39,33451.87451417475,196890.44915003446,746.9172433315734,Bangalore,Unemployed,122706.05897761598
38,46681.19564621342,256217.66799352513,681.093882910347,Chennai,Unemployed,162563.8102563387
23,45847.80050166619,183296.13845100297,727.0926070415034,Hyderabad,Unemployed,107774.40814501957
18,54611.10046713651,228230.29629468,682.6581718015088,Mumbai,Self-Employed,117342.65385505067
22,62236.05818808945,,744.2358029341924,Bangalore,Unemployed,114940.80875787337
58,62907.10232539618,198822.3924562881,686.5575445212445,Hyderabad,Salaried,117038.25085183009
29,41253.83842146592,191282.2871048582,643.1459327489968,Hyderabad,Unemployed,110836.29097708272
43,47493.174293203825,211265.3961020471,809.0704304312817,Bangalore,Unemployed,131161.80336649527
63,54238.69925732449,181523.65355833207,712.2325985595925,Bangalore,Unemployed,107491.42882285173
51,46269.633107246795,193426.3702164166,690.1621094703089,Mumbai,Unemployed,108734.39886351347
66,74110.18364029989,241302.35857207532,560.6586908423164,Mumbai,Unemployed,139912.8193609099
31,57364.62427457377,178161.78813808912,559.8184667775523,Hyderabad,Salaried,130467.75162846905
43,61023.16679074726,119671.14496306604,670.4900837499297,Hyderabad,Salaried,96443.5592405093
62,59943.21903001119,287479.19521027105,660.1864838437768,Bangalore,Unemployed,174069.60155874846
44,67602.10786227987,269072.7039345243,607.0114204494179,Hyderabad,Self-Employed,139022.76627309463
26,52715.3233805556,135386.86524471908,659.8687889728442,Hyderabad,Unemployed,95888.63647681053
43,30547.5207806623,,761.2038849630517,Bangalore,Unemployed,139260.99229905376
64,55995.31927628962,174851.26147243285,,Hyderabad,Unemployed,98429.67684943686
39,40229.64659312257,213174.36076655297,570.1294043173083,Hyderabad,Self-Employed,126944.46973912466
64,42070.74977375365,214711.20645067468,642.194382099994,Chennai,Self-Employed,136913.69694105026
47,58795.4602813264,188279.6099841839,593.6523463403207,Mumbai,Self-Employed,123408.62572583082
60,68574.24607150453,160811.71672068018,622.8610058514007,Bangalore,Salaried,100405.0482233032
65,50319.073651040926,165472.94738418702,621.046903405925,Chennai,Self-Employed,104175.31125230476
34,54632.49518898446,154190.40422593788,616.5648092177196,Mumbai,Salaried,106954.16807385346
43,75533.22416952858,316817.7791769555,562.1405239618623,Mumbai,Salaried,187284.78242113144
53,53611.297692328524,196641.08549753224,641.0641722937266,Mumbai,Self-Employed,133357.4226704709
18,89025.24671270592,164212.0005444624,610.7574654206883,Chennai,Self-Employed,118877.96450865094
25,58482.64468447316,,444.93859169984125,Chennai,Self-Employed,263626.0092608497
66,23588.558612662735,274362.3077667964,793.7080417151165,Mumbai,Salaried,160408.80835426576
52,61300.12431656799,170997.33793149784,726.213875795167,Hyderabad,Unemployed,100484.01798561236
69,,211970.22502676887,623.6589492552503,Hyderabad,Self-Employed,162867.20055542124
32,69346.29131124119,224984.25551514668,651.3173334818418,Chennai,Self-Employed,136485.64375057447
64,60097.72026904937,223600.11354596372,567.9841956877707,Chennai,Self-Employed,145947.67475864515
39,47923.16024024339,203797.76339580436,768.7006014467606,Chennai,Salaried,128595.16625148305
31,31635.526455659514,237134.12091798612,782.8102086341178,Mumbai,Salaried,134003.69586097618
43,46864.65114070962,224112.44763403287,660.9685609772567,Hyderabad,Unemployed,119906.79073457525
45,37242.1931868605,138116.8788836351,721.6471450929741,Chennai,Self-Employed,71478.48552760003
40,41292.14825292916,243457.80321946368,662.2700745253746,Chennai,Salaried,143842.67303031386
31,58828.67606630914,244364.5418633371,556.4292192786849,Bangalore,Unemployed,138223.03917201355
41,75048.56756527109,161835.6947910709,621.172364172544,Mumbai,Self-Employed,116305.40598781455
19,55920.07294734471,201896.8917723801,659.234957674037,Bangalore,Salaried,107885.41469637156
62,32061.754069472234,234166.44964055347,618.1816596879589,Hyderabad,Self-Employed,148813.0796200869
43,56669.040023302114,189534.30902103192,634.6942705795475,Bangalore,Self-Employed,124753.45012261881
31,67949.47229968477,253648.90238830057,643.602030974362,Bangalore,Salaried,154637.16409357663
68,40853.25643520927,318193.62473096803,644.3385051494178,Bangalore,Salaried,194626.7637115683
24,47989.742499906235,160700.6983682509,653.6580943348238,Mumbai,Salaried,110768.03221965692
20,150660.96876281386,130947.76984231126,575.7576453522379,Hyderabad,Self-Employed,111679.71961735171
64,38226.5253037664,215190.92978024378,599.8088695610445,Bangalore,Self-Employed,125837.27427464555
40,179172.61952297366,236078.1252563072,560.0791014010022,Mumbai,Unemployed,157748.89650090825
63,48185.77777088327,188456.68130776155,718.4470884780341,Hyderabad,Self-Employed,126510.44797541462
60,,272663.0331660517,502.6047140711773,Chennai,Salaried,155285.94294140206
64,36687.6173329685,133069.71001383755,730.7513240321848,Bangalore,Self-Employed,65076.40499474136
62,43438.125495148844,234645.93115158056,747.044457808399,Hyderabad,Unemployed,126006.46210832901
35,60835.72036741657,169706.95896205533,628.8473589112165,Bangalore,Unemployed,118101.7896648589
55,44407.502718623495,285968.89531036484,467.7804038520891,Chennai,Salaried,177122.52965965192
