Feature_1,Feature_2,Target
18.727005942368123,26.66196359547577,75.03204530292562
47.53571532049581,58.77108526405223,186.0957870777036
36.59969709057025,88.56512522887675,200.51260408206247
29.93292420985183,75.9002397768605,174.58625332502396
7.800932022121826,82.59050330753047,132.74678028667364
7.799726016810133,69.29050300396456,99.61612913997935
2.9041806084099733,72.30489080660672,113.95320617854821
43.308807288746756,86.42760864087873,214.27391258049568
30.05575058716044,32.470120797326736,118.88984848120883
35.40362888980228,54.04824672788264,150.89485150648665
1.0292247147901223,29.908849763764202,19.221278900762936
48.49549260809972,98.89012071969823,253.74733034749764
41.622132040021086,94.9653405717952,230.38217775713127
10.616955533913808,13.54841302316553,44.987208891401025
9.091248360355031,73.50176552641196,116.60014670483064
9.17022549267169,93.27234856740992,145.0117741896121
15.212112147976885,26.25178106146002,58.906959074828805
26.237821581611893,61.11507074973665,138.64211208025077
21.597250932105787,92.39394678292376,177.80851026599126
14.561457009902096,13.055138072721896,44.52691398032902
30.592644736118974,72.76782405221559,171.73858002462242
6.974693032602092,36.761410663529574,52.98460733150667
14.607232426760907,93.19565758388774,158.01716999190282
18.318092164684586,97.39524206488309,167.31310606659633
22.803499210851797,94.98398402020905,159.83821069232528
39.25879806965068,52.67927949917174,178.0095241177045
9.983689107917987,87.58383858903821,127.71391330866034
25.71172192068058,86.00944586815633,164.38811547334524
29.620728443102124,38.71904259189301,127.52036419033634
2.3225206359998865,84.60239267356096,123.81554629256001
30.37724259507192,13.330687124394336,86.78171284716903
8.526206184364577,63.66428906338477,103.32946083545288
3.252579649263976,30.700795355893273,54.260568553537595
47.44427686266666,20.851019719955094,155.5629718932442
48.28160165372797,16.925788146628825,147.77936546304676
40.419867405823055,72.66598982903258,189.5785779185635
15.230688458668535,40.58874673912595,83.50731502713528
4.883605700319194,75.22900943758853,108.34526440636796
34.211651325607846,15.882070671904813,98.86622300044932
22.007624686980066,38.37613040475493,76.85691336821
6.101911742238942,58.55421631378035,94.88543697371044
24.75884550556351,81.16508483550672,173.3345639773788
1.7194260557609198,38.68772526388629,32.094511100647466
45.4660201039391,66.33022387933082,188.16401186794536
12.938999080000846,89.73799734125684,151.22463711956232
33.1261142176991,65.42768693640741,186.90346456505364
15.585553804470548,30.96635272782704,81.3314448613229
26.00340105889054,12.196070340088422,77.36375764304111
27.335513967163983,88.3088986510837,177.480498888162
9.242722776276352,11.914246976534843,56.15266750401454
48.47923138822793,88.72315054157795,226.20621732921802
38.75664116805573,57.60434206244908,163.02489332857567
46.97494707820945,94.51609286616066,231.02924391309608
44.74136752138244,81.89049121962988,205.58872218442482
29.894998940554256,99.81406994800037,200.74108444893403
46.093711751155844,41.564063390653914,186.3579400313699
4.424625102595975,79.04694600380142,114.14869069221193
9.79914312095726,46.1737822248318,82.38286145092843
2.2613644455269033,53.18880582735179,71.56186541748397
16.266516538163216,66.47549168965331,109.80497328602543
19.4338644844741,88.63094027677049,168.77288731478143
13.567451588694796,98.56751222793656,156.42127167513286
41.436875457596464,79.14460724780663,201.76091820545287
17.837666334679465,47.59901039506004,138.64405398921934
14.046725484369038,47.922130204936316,100.61089904050304
27.134804157912424,76.38240714300024,156.9779884654295
7.046211248738132,31.48994311914721,56.13988390276655
40.109849037701984,19.94267018182552,140.69028390441315
3.727532183988541,41.91599418766989,65.75072759055286
49.34434683002586,35.85150924886736,156.99989839053183
38.61223846483287,36.66773084103911,154.72416251708114
9.93578407670862,31.024697594491894,60.38765644977188
0.27610585618011996,13.78838706727257,40.96930688335284
40.77307142274171,11.608654126007243,131.66354416520946
35.34286719238086,98.89501507624284,207.55796711585603
36.45035840204937,48.49958203622761,167.13555806594766
38.56351733429729,44.58939824437135,155.59462633426287
3.7022325867045183,71.16825544237628,108.18522474883503
17.92328642721363,29.642849907855776,90.22696413040575
5.793452976256486,95.49650655552028,125.61587375735681
43.155171293779674,80.77105129739968,203.37769146815418
31.164906341377897,18.046990208103356,114.86826227898038
16.54490124263246,47.58226982064355,100.113223570288
3.177917514301182,89.12064768059483,115.85308637004677
15.54911608578311,95.02588200622692,148.35262282843655
16.259166101337353,52.06613601248827,112.36326912426392
36.480308916903205,65.2070250289637,195.07445151944592
31.877873567760656,25.03305514828677,104.05902095480303
44.36063712881633,99.20517635232788,235.18999901156187
23.610746258097464,30.850453124509905,115.16961494880984
5.9797122969150855,94.84585967216131,132.96789843642412
35.66223936114975,68.46819840931316,180.8411544565475
38.03925243084487,64.69631153909732,167.10976964256017
28.063859878474812,56.141965991485776,146.81307985804642
38.54835899772805,30.760283054598283,136.4117945097926
24.689779818219538,25.887522880495744,107.64677695894237
26.136641469099704,29.84375881631578,118.02797476797569
21.37705091792748,26.779443592982908,116.47359602658433
1.2709563372047594,80.16260262100779,110.168845720357
5.394571349665222,41.51127332500571,71.55791952999157
1.5714592843367126,15.205840890705673,29.11950029546195
31.82052056318902,97.21923671267302,197.68272253507328
15.717799053816334,89.54072964670831,155.1282116452077
25.42853455823514,93.49770548756916,177.81456887928053
45.37832369630465,99.54170403817918,239.58046384927275
12.464611457443747,25.650572429753858,80.1181909153936
20.519146151781488,45.661781701239285,101.02657776814445
37.77755692715243,78.24146281336822,204.73243330521342
11.439908274581123,72.6418556248413,133.94114810966101
3.8489954914396494,23.850631570586955,42.06256134339268
14.4875726456884,83.42498124915559,120.11036012312177
8.061064362700222,30.19965146529946,55.31402279416558
46.484882617128655,30.14358533403608,170.354454409276
40.40601897822085,58.32769806040722,175.77960449505196
31.67018782552117,63.364594135753286,150.21996020375775
43.57302950938588,62.20775870540301,183.53413500766615
40.18360384495573,18.233815365797938,135.74578831639238
9.328502944301793,88.97147763673424,140.55436620684935
44.627949924498886,33.90400383298355,154.86535841913053
26.967112095782536,21.656342915452377,94.73714761985231
40.372007758203125,89.98732718820794,209.99723053091913
44.80456499617466,96.0086348406778,222.99767245426497
15.900173748593193,87.59148555389055,166.01397393084608
5.502596226383838,82.85644672523902,114.96102194413302
11.396758127097083,68.97177825751196,128.429614435012
21.355389431312815,59.57716335482254,145.09423012329358
40.90073829612466,17.828808392026914,138.62952479222355
43.036529162817175,46.760789176362884,164.38806679149792
0.34760652655953517,43.54196653110826,62.156677057094846
25.537365128878285,33.37784053842935,108.65486540440179
20.87055015743895,75.10781023197265,138.26872906466323
11.105390523536512,54.628816157089375,101.56164851456455
5.99326836668414,17.294159431688314,28.945764323138302
16.8807585701814,29.81648817548302,94.85847612064876
47.14548519562596,71.49328872936363,204.00948649131732
16.160146601037763,16.851777354127016,67.63409588627522
25.939531087168305,86.60862226438918,176.6120531506492
35.15094794475889,54.56318743125769,155.7641450423657
18.1814801189647,53.25279195939832,120.22398866344248
48.589104136048036,63.31670061935658,197.70376451712275
48.122364747105564,84.22128693326343,235.08442916225246
12.589114791268209,41.30282871119738,72.57638462913988
24.86242529461927,71.02145373031573,153.64560350839116
15.043915490838483,60.9158767596212,135.0981308292245
14.242024718873381,34.03254431524792,71.4408017294252
1.8443473677266398,89.07669877196422,109.72545724042514
30.478216698994842,81.76834194462353,184.45663057762448
25.133951161443076,69.26066511925829,152.7434938661136
2.5739375624994674,86.55235561848177,118.80397164116238
13.932323211830571,88.05647808638221,150.39045303471173
45.41329429833269,73.75266790435313,213.38365191667316
11.97809453334862,85.33119955273048,148.43967421621034
7.244743604561155,72.77243155023552,114.53696344097062
24.47263801387815,71.21266945842703,149.22422183862238
49.282522705530035,65.67502403936659,213.74207262309227
12.10276357557502,77.74449756018771,147.54912536011497
33.606777370293926,24.274459476376634,116.81995733356104
38.08098076643588,89.27836832790356,197.59120086286754
11.881877199619984,88.46591749707088,151.93460068840474
36.41081743059298,12.632255473110323,109.98193850467885
18.38915663596266,84.32350755082864,130.43440519076063
31.615291529678974,21.598288072610067,118.43039128283372
31.676485538044734,40.16069688332277,127.03076824555994
26.788734203737924,76.9157430662447,163.36539436579685
4.514488502720415,24.46839064434774,48.96809333570846
41.7651247794619,83.6170321707156,211.6582473513041
16.03900324858679,84.89207601619677,154.0625175122935
9.325925519992712,55.67209603847526,90.76646534045365
2.038757077738196,10.574728454515022,27.917624821524342
29.54464715941209,35.83343198574215,119.26626950558163
33.87821809211412,65.5234226538168,175.71175722374045
0.8293914463928076,98.30675602246811,131.19526068307425
25.60465291496405,66.86321743150015,139.89310618476432
11.324788759896897,33.38232229577439,84.23057981642182
32.25863952047249,67.06051327896502,160.75958028479874
8.718321450249572,58.59868417442699,105.19480261774777
34.546886905123294,80.18608556360293,191.26339307314515
19.33676731502687,19.628257494426258,95.2776640488299
46.836499436836725,78.49251122518253,214.04760223859233
6.876047207299663,58.71399208084993,89.15374055408708
17.053317552512926,96.66928034730952,163.4422342391764
5.673676062029454,40.76849494348175,65.07458625890898
46.23468091392814,66.93597038205533,208.9092857627072
43.86696766904905,93.88252949590157,211.1633484833386
12.89708138575778,19.225875519161132,49.77692989592427
32.999202301708955,94.3505638512806,190.04065316001717
40.86111001006079,71.9097150070732,202.94750895337557
27.760040579973115,16.10533531946547,110.83263755911061
26.482528917800323,37.086721025213464,114.66589533938223
12.092614545022585,73.73548797807534,122.02590470434676
4.655138390294961,16.061554132189453,36.61223256549656
44.860787897666334,62.39534141586459,203.64516246928525
45.02090285816652,41.129475125766106,157.6340959544299
31.655072863663396,65.88239659907293,165.58024790539383
16.951489552435035,14.116783043126157,74.07083983066327
17.460478730633046,88.43831255371387,159.7881135904377
36.297783943511966,97.61400722596572,214.77708469592622
44.85551299762886,97.19900697571224,243.78805179059825
44.354321213255865,77.46866485686323,181.81587793138314
38.99377729288119,21.70776161175688,135.3125103616203
32.10158230771439,78.24368763361203,172.60562409834614
4.206998249752441,12.212822481292136,11.8665536333671
8.081435704730689,11.991119637609753,44.70495882220823
44.927709426353964,39.12491972345872,178.00576268566493
30.321452982979498,53.977887136419916,144.2026118748757
0.4598525808314824,79.33666760270138,110.88237804734975
5.0735771433016055,71.49658389458547,119.60262611164302
33.17508845540279,50.13124357390735,161.24435796303626
0.25307919231093434,34.62639996534993,63.584023232911186
8.040402570874933,99.74120501419401,152.21172735493906
27.436689468329305,48.356317201237566,132.37364070132423
34.59475988463466,50.62483218967079,136.21704022021993
32.59806297513003,24.726143907250226,113.70590524522586
11.21346547302799,81.53285938749364,122.44062899440043
35.6089610673768,72.43140032033398,202.6495102278209
11.862454374840004,29.869265150988436,68.74039599396276
16.269984907963387,17.414294105425842,67.80416326426433
37.32457025590121,71.24493718672417,189.3202040242267
32.48164495236073,68.90600928530216,169.32734798698897
42.4611705247089,34.59335742983884,169.61546563188637
32.88064461501717,95.57772060253693,195.66838264324272
28.415430166773582,23.59521026028102,106.2989022816436
4.683738391404624,48.91013209383417,67.97679863413208
18.385790152971676,94.9254328150839,151.6747696483228
13.260118384086272,47.775458523351006,89.36315527918403
12.199482168954178,67.4673352897677,116.08913979962256
48.65052773762228,45.78349581665149,177.27349207886488
19.65488623333802,34.67936821138031,88.82824763826285
44.602327758855665,98.55798831638454,220.71223074008228
31.556931299863145,46.84006056835387,139.26934520539558
39.74056517708242,90.4689283311221,197.8669231997426
25.131854655259605,30.695914530197758,112.26529371128234
28.845194231317954,29.1794233622575,112.95269114234891
24.625884690943195,12.802067459606022,67.3516776842359
9.762149389902225,68.65001428382965,108.6932998448525
36.12260576307526,43.1673709351385,139.58579547394854
14.03861812204279,87.79224248556733,148.63898139197954
1.215798321572692,52.588891602240146,84.55067018685135
32.27361479535839,97.13740851232495,183.49720250672848
8.855533970352447,26.697296413280903,60.325851413292376
47.02292921764572,88.17608511600497,226.76729722765387
47.696428850129365,79.89371675125676,226.82693299133618
45.743219511022424,79.38296601796468,216.74957428149054
18.50793501277222,86.03049053051988,146.9867328511662
0.7728308264433714,78.4921591848699,97.93212873128614
46.415928129386266,66.35982894682738,192.7113564916236
21.409207415865716,21.81203899141488,95.45753671534813
48.33274095218348,12.927356154212672,141.55779625223335
48.18099885446264,92.87630630341182,255.91597155778086
42.650472773368,65.49852830686643,189.6178077635135
14.722444603479284,81.68835618785587,132.74807126502063
19.254886430096263,53.3370116361295,102.00448611246779
42.556833575842845,20.557737006615504,118.02997158498628
15.846100257813884,21.26672129822954,54.29395677235527
8.474637334304624,71.70087585060742,114.89891086660529
27.840063122917506,48.72753054095164,138.16044468873508
46.80773870803905,28.047225403030303,139.86411023341262
34.80148983374865,54.24350920672932,166.04631877320796
28.50305850446825,15.778804336762068,90.3616009484507
4.8588246885384265,62.37742617229589,93.46790324795663
30.750361334958487,34.209406399158794,139.04939729894102
49.50269250521316,81.78031905734693,235.86150729050456
7.004200761826201,37.932576303121635,65.34428698925313
25.916482618186837,50.969813417362104,122.04306039214876
43.86865359639777,11.045848591729058,106.40849828777624
37.03843088771022,16.5202199015103,110.2288079086637
34.8507870497634,45.32442007660163,144.40496932805348
35.12420419935546,53.19449512454111,146.77210937632614
17.97455756098776,64.00184933073734,125.42604342843116
14.679592213224668,36.24963208383729,85.9670578632541
40.46805777392568,72.54836975138883,190.97962831840002
40.50566973395904,87.41101574702842,204.6573674230971
43.35361592900519,80.18658900040148,211.294493342662
45.66202762782356,13.565694281352144,139.85330870287558
25.56711994304689,53.24562525320461,121.90855938703429
25.07581473435998,19.44371605763574,105.13131990252555
39.91475894833876,31.78405142762747,141.94187776115723
32.49819653888826,98.79963339404318,204.99354764952093
35.098343862885166,22.824598861136188,127.21752252314191
39.789633471805054,54.899933810622045,172.68616556489408
44.50026709087832,65.63401608863072,204.5428533726851
16.89975784257679,73.22184734896936,137.98685307722346
18.7791476319972,60.36838151382227,118.26555315017536
4.69909699204345,10.87937626772653,33.418029253441475
28.9140070498087,39.38151774195927,113.10557684166625
1.7971136898371043,56.59404790462403,78.49123876790682
23.27990090662301,17.907984923035002,84.35703426775493
27.13223173537883,41.55642380882627,120.6171193363132
14.32706260641422,12.98827979122299,55.118217151113825
29.541663028450536,17.072064743951866,80.5221448088922
1.5250124969524714,45.72309485814365,58.19299599474394
1.8674094374607209,21.94441786387543,36.93027404171346
41.13002803298291,61.07867634354023,182.71804561467954
18.009532070563143,72.05184722235391,126.20929543397295
6.353025632594239,82.05280291981745,132.00300599391355
26.112163002740218,28.01352198203291,95.23488540314503
38.499677654930544,25.07343240331628,141.03188502657324
10.791051374842159,19.411105630096024,59.54289881193747
31.144523790950014,67.2787224589273,157.13350332964976
4.2673732496884,73.5828153838211,121.72092051090144
2.584086058430385,12.842753034307783,14.935150469680503
26.5677315784074,94.25910216193208,193.721793276437
27.031756080505325,14.677415528632517,100.19811201605211
31.871495074910328,58.71667017709634,148.43253980902497
36.30456668613308,73.81544675058248,198.26460581667493
48.79260397312673,88.3872211371477,230.54571015140456
25.815017415059767,74.2678238919185,161.54586850075017
16.1478236470623,82.15552747628126,146.55941047690547
39.759309738435185,40.55051732885255,151.71580772600552
13.541612563103712,83.3342602371861,146.96322642398042
21.948571035281805,17.210336174620764,88.45871820327156
3.9228190671132976,90.53349904544748,105.96192678993842
1.2675371707728755,59.28331385383626,92.35222198031721
48.132420733896254,83.55679929662443,208.9742911103332
41.79900602561029,50.70864560664701,180.67335183541869
34.798710304684896,67.92199256768725,184.77021821121278
20.447647220713495,57.37623948425019,114.06094113073198
8.664716003542289,75.84305695797987,113.56531547888571
7.8218521335543025,17.34669838275306,34.313621708330075
12.512144908229766,15.431687559150742,52.64917703866795
27.461333235306025,32.23929106091318,109.26013951950345
35.72979613500312,24.359021210186953,131.35192111242554
33.009868835886564,88.46052099329815,206.78038474287024
13.996694847297142,29.72925886222399,89.6236858608112
47.743264033159704,97.82787302372182,236.1299274455824
36.89484583478843,40.320621259399616,143.52964136080533
27.717702625570034,26.390612411982936,89.12860953609511
30.58603731171761,81.07286564282312,170.69383138571988
20.980003121389494,69.28369979507886,150.23896388854297
12.386549475057873,54.837614480782506,117.927339300066
17.798633932563078,59.982719584386814,109.13235961387264
37.892305523218454,74.72816004450374,183.47991326992167
0.7196744314877934,30.560926719816884,43.20824057291047
5.803632025345812,99.67005244510678,141.9147545856887
2.3001321010876374,97.73138459321048,119.9319565653552
2.0364401159485066,68.52931177122431,96.56688485998133
42.77302920055036,27.958820583623062,140.74476423101441
35.18289296900118,71.22054181881622,178.27735989629963
23.70869145436626,16.497856808125825,89.53199928570363
4.891708032550074,12.758725198522546,32.603963017711614
24.58079375584162,33.19145996600923,101.91787744354944
23.673588539028284,51.636066106538465,125.05115263615856
8.660093495500758,88.14452548675425,131.54003473080365
21.692582461898652,75.44521627896772,146.0656053906866
19.92523671986867,76.84358690799829,144.43743546259861
30.792504902610823,48.29440010032678,155.92101408196635
31.75468254338219,41.13414932922666,139.35688003293987
2.265200488602226,43.393488668614246,59.78038444355106
18.73063073132356,98.88846073624521,177.46227375691052
31.29299578571182,13.609827227123423,96.22608723926756
25.156812929004385,88.03283465102037,185.26268027960182
42.824492059416116,62.080786771515406,190.25459619633972
32.93468158094725,49.47538772706314,145.6341477848016
8.146721354071484,75.27318943736229,120.17179996811623
3.528437370021492,53.80020472822326,62.67257757823665
32.12096391031578,88.60809142734945,180.36444479951075
1.3255655270810907,91.06316776101326,105.65046506692808
29.288779063673164,47.95488341861099,137.19723870915317
47.01151207124788,34.914501751154646,181.75133227435617
28.77370889379395,63.3115295734026,175.2211091844943
19.408496310326097,92.11270110550218,170.43699311682545
32.16441092211766,28.95959701050999,125.17098846735071
22.912644524575832,66.06699252071346,123.55142499476834
27.280839465796745,66.84041980832686,147.98386443714386
47.07324043882626,75.98017201737528,205.98146999883357
19.305131890038712,21.841091661453383,73.26366373632968
48.05952819119571,74.42424682138797,212.77647847780693
45.26753209780318,91.81292685990769,223.6234366994259
9.789556739464821,26.171479798321776,41.0866695028903
3.4680650437582727,31.378899243148986,58.8039442623498
5.038900068871333,97.42555846374756,123.78049007127733
0.9110912825774864,26.28792574385408,41.21570774018011
4.72214803779642,86.89465840326213,141.81978687590535
34.150338670817845,54.30500708032313,146.34800925756812
3.559432423011449,32.25079669628593,27.296661865608442
15.948781514688065,88.36749111452603,148.0529009053503
42.24376554847273,50.077472950239894,181.71197776145542
1.1635967867912933,56.333561853672116,95.0927407335907
40.72342412944679,42.33100324597891,145.31026827426751
14.092738738669997,63.36557662914347,121.23753103401236
5.908241381082813,24.717148532652047,44.77807712408896
34.836858268207536,45.197338298658465,145.26946808586766
31.4471423389942,97.24710901017588,226.7578201298669
43.873600676352645,33.23200894310148,139.53270913865185
36.75355219019429,69.1062998087163,182.34883686089103
40.17404651924243,39.267105780222536,157.23257495202745
14.101728628565324,79.61258131179406,146.64728239495963
8.871977188986142,21.778629464651484,54.294129864756094
37.53073758204292,97.28389405706902,218.64802221863113
40.3417369633632,50.841058724527535,162.94712720362313
49.52525710003366,31.244541701181756,168.99786220395333
20.630883845571326,16.614707259701138,73.08293557059558
18.600904289639157,25.27821145787867,88.05183337211281
38.82064803709984,56.77965537004159,166.49110317636317
17.040177012650894,40.33028587881577,99.76778952522803
46.537866280178235,84.59950292943485,222.57144107891764
42.92063759215059,48.779877129562536,182.09794904357318
21.44970136875092,32.384284532886696,96.97145762545647
37.54355338957487,65.5430487943627,159.78021734510358
37.727143704234116,73.60994951969013,200.2690136913534
5.15619344179663,25.033771711085485,38.87368664916797
45.127645333978336,25.08572946594859,141.38432530759596
25.262618622392857,13.300428424018868,78.16044772436986
41.322873305387084,76.27618135590765,213.58298182226508
16.002480051530586,69.74240748596246,107.34034697219447
44.77616142481003,52.71677881748325,211.5780234796049
19.460083936708156,85.97534040722775,167.3811864211042
0.541882574014918,82.51031376550479,107.59947209493464
45.26909882096318,62.6818927957077,192.8420784010943
4.564333839306678,88.14441524619328,125.0396736422752
15.965681879520744,28.52570890330914,84.35627966656621
47.50309835254025,20.072765745795508,154.29722063580581
47.53035734687781,34.277465036529065,170.51489607106387
28.671894406164306,15.137817048038336,95.74092328560927
31.591860608489963,57.80525752009288,151.3725763422631
22.42227609891599,94.29451230654654,172.6963721786107
14.660538584903227,13.540918660165868,55.951366050930304
16.4332272684958,20.989892260902412,82.60863985299304
33.62592280385192,50.697912545509176,155.83786928704944
37.618726471884,94.04875157751144,182.50143172608094
39.578952186292426,38.45404944790755,156.65124756851776
39.48090713972769,55.65113278195532,172.43098913485335
4.560305152434518,13.741557314535289,32.70354409406966
24.721015235129073,23.350888086587997,90.93841926083941
2.877938000832214,98.79671106629623,141.99202548149614
27.476444116186777,96.86068267924409,199.39919412678842
22.07652506866885,10.444598284096866,64.99605393435228
44.38520913791499,95.6630606880915,234.82921854174262
17.545750627603933,67.52079440339503,120.17276250767101
5.853350821380293,88.112646506802,111.57237121372381
7.149584102641793,50.92658700704732,77.71869241916161
38.07553158587361,56.40364257213252,176.49713477507066
30.910903165813053,53.99619222312282,156.60393903604088
5.0561338061395125,70.01778317914939,106.79252853130099
4.205340305749871,22.568612928068163,49.84664414653645
35.048456572956,12.697623088541015,113.0200720097888
3.6381503182096764,37.713694743207185,52.93699353514329
41.09300296451781,73.4212686462982,200.15725523359177
35.31211135782481,28.166810691065354,135.08454647611728
4.067439032094988,70.60891899924256,107.4422136774643
4.241885704259596,97.29208414965434,144.24434895498064
49.33197892505877,18.451064421047654,157.55426308991474
18.713539787806017,70.53419064026136,139.9393603132445
18.532107353344546,49.93751973741141,121.95679445141931
40.63997836287513,88.13280289397548,212.0940967874678
47.36242886919293,25.94348105026473,145.7195029210228
49.30005319114355,72.33633570035481,213.423066178847
37.66890926294708,85.43037606832992,194.2396979912991
18.81297927654579,95.0152797526621,159.29900114481515
4.175035834933438,71.49232254606812,99.78318993546016
38.85734579637184,54.74572876075846,159.91403979384015
27.920212486790252,65.60625161810924,150.4484178623163
21.211100462348814,88.20144860308464,144.93334281003573
45.3177192547368,61.35487719749467,194.05308784756497
5.559874115307567,12.734835372715317,34.19354248914954
24.631255214542957,93.78538259562801,170.94971084042908
0.5676822383709534,72.0574075928405,99.48055139166003
23.433032099706313,70.88620471995219,158.021727289474
2.8151637840918675,29.410763715794545,31.25522727549338
5.940895813403596,69.29969232093916,95.38462253297385
5.876312338855244,45.44779650887426,66.53671315991423
32.460515105803175,68.61096793373429,159.08541827390042
37.30224396327117,19.593372727719164,130.06240560075838
29.168438254857982,69.20607741427324,159.0301271465448
48.10862742372709,99.94723531935999,242.5631025294436
18.743528976185203,14.339083497450043,49.02709899333552
14.285604314093037,97.94567657991855,164.60300298322713
43.429956409473014,46.621716465058356,157.12836683321783
11.179791925972632,88.36781053035332,139.59017875401886
48.161126972030566,80.4146935652446,224.67421908795185
0.6077237344908171,61.0314634888001,93.36365148117366
48.493941335381955,76.46042883261939,204.89916394640704
2.1579955975288057,89.06640051712131,87.07954805615933
44.557155684903556,46.37262894859297,173.87853939810742
26.385055454314994,39.43298454069148,136.28733189972579
49.64823980596502,70.08340470072262,225.61014868517407
3.689828236769943,82.70613477471328,115.56852647432706
27.69271422006604,78.60566212989542,163.64221824971912
48.46512678095495,81.80322839727711,232.397916995493
26.15489220850744,49.20249833316397,119.6947665240207
31.469931906763126,83.60507945575195,188.76450280737234
34.78743444923086,20.81881498335476,122.00586569476913
22.727053238388663,59.00401881647646,143.2245547507322
31.377904004203174,10.518279444830942,123.66329573341584
29.21571559615501,39.21272469102433,129.01871829140438
45.057900524549446,42.98153813842581,164.13296082040958
2.2723190170728937,45.655542244832986,65.21170511456187
14.048159479611517,72.5920486020876,109.54009797264274
47.520574203827934,44.97022911433112,170.8185791358766
44.51318919454582,50.38242603602776,172.6490598484668
22.782837639285646,31.378971778689472,94.37097625329555
31.006629890076837,43.59266124664061,136.35131694149806
13.869059149056634,30.454266453683633,67.99356829323995
9.406057986188065,16.587633139159927,59.63061140570679
23.18492024699911,64.31037340432401,140.13681935186855
17.66761140130264,70.13915186995146,133.2430075358122
29.182805592543602,65.7541311408653,153.5830241852682
3.8867318482492417,51.71446394205151,78.3260931896747
48.71974038330833,44.18072021613068,188.06719786430398
49.31053722398014,87.70002846146427,224.84507505659846
34.90808570098726,56.71736066225962,153.74988215642713
26.80481831720602,53.126368986675786,132.72642828925933
15.476380814316387,12.307785922579212,45.00158590815388
40.68975098534743,40.71230448635407,147.38656424977847
34.23655862769397,44.21760569072713,138.89031466266087
8.130846967244565,45.894050280721046,89.14386956210394
45.546359224692125,62.215513230459905,196.15012722830147
41.12686214615845,58.02422920541906,179.38212952557447
47.4899956645962,64.71145835141002,209.88771880486223
36.285975419418,78.83949353879154,188.94861291110087
30.670759796789493,83.16871648444841,185.3840077726007
20.912151814530944,74.6310768603845,145.8054542394638
46.63642416770066,95.99713263594413,239.44124307638089
43.30319447502042,11.640932440872547,121.39951854048228
2.2609335053094703,27.620018711519148,19.40818463433236
1.3183487248626002,10.68065874803279,19.769870687932805
18.82316834390248,68.27272427391426,148.21267134945273
40.52766653909165,90.82274940549883,224.56861965674364
49.363806465747224,31.913406691866935,176.3595790405201
7.520844555176409,93.4331090316676,148.2831494440043
29.706535767606756,15.424065126060476,98.66179347990384
19.044542831551077,94.09924241249628,167.50360504792917
48.49571989073016,41.6460418515671,170.0380309943624
42.105946156785436,19.127874560429486,130.05758630420848
41.91643523555689,53.72845832676931,180.4229495787268
23.434657989748516,33.109891094845715,115.35735865987431
20.74097511688326,35.638561176573056,98.22424844728582
13.670353596535312,37.65609684336579,79.86130755486312
2.8187748325463557,82.27233080493971,110.77901363585951
43.23611881275266,58.52451490077291,189.3317824021003
40.64505045650388,38.01769292404033,137.79530948877272
49.98588366430653,64.93004049798265,184.91894822697313
49.831841853695266,74.45356068008742,213.41850895542723
27.771585280131372,34.53616006601804,103.6652310204085
38.44937075902553,47.21941913728163,152.70532788582867
47.238286494121404,20.96974840032528,146.78161112751914
42.482369533870575,26.303441458121227,138.23756949419177
12.367405087159883,71.30060685684845,136.0039162908253
22.527206765504676,26.329451292606425,96.1808061109126
6.457970757574749,57.26470453003542,92.86731592608766
47.70255136293612,73.81416355501895,219.05544611379705
30.308731722544003,19.618923078526947,92.92620582278465
11.432140275173136,61.058099766601316,117.24118828205711
33.58503422029283,33.09065053312274,127.91372332512478
30.90641202289479,96.66341877138218,204.96693875530772
17.908135901642027,53.51910820479323,103.27469726945537
5.677879609981451,82.53932947976423,102.70430674051006
33.57865977963998,59.52038879406356,168.5500125822265
26.015385045189664,13.907127956933724,90.4911114222698
38.61591958678196,66.98362380346201,172.8996319875342
26.00817505559967,95.62630079859913,176.0753677845712
42.609075015927004,64.1450638131698,199.75111195976896
27.595341938724278,83.72699734841112,162.56663273623076
28.046898576769312,89.5785817013567,199.03827401611096
43.832680132917254,30.527179475403923,142.20810835629916
20.17414331061985,29.0840355917404,96.72012024272193
6.700761422532037,64.98828899658926,96.45166559474735
1.4391338156669486,46.99256228260342,71.02078358911491
37.75686278368095,85.58751725800484,196.65603764766624
31.015477567673233,91.002081105821,190.11326218544534
35.20398840496118,41.807924137244626,143.5886717310537
10.648208075445536,31.318350307703387,59.180666000043175
6.818573779338488,80.24729637194757,125.75143354888455
0.7272332833940964,34.73254319933225,43.36499938296809
17.529377940329848,84.03528866623105,147.3797920969017
29.495884342731653,48.13644282838865,126.5599485048104
19.612202254986617,70.07949093623233,112.50255817299222
21.873746101186452,18.59817824512014,80.09190152110861
45.20793472468742,66.14733922089158,221.5227980929176
17.41277335116502,50.65909108635062,117.16888556051353
25.69947445799054,62.79476168579267,144.40979637058362
39.18265063705715,25.12127869703771,130.47325273700545
19.827139116063506,76.31863704497638,146.37487117225092
31.104335011393676,87.65173697889057,193.41411305490496
43.11818543733726,29.506582008169808,136.39523385005847
47.4760311828821,18.614309996814555,157.17046690007143
7.353674046451896,12.127472744170277,45.09096556354651
46.32938125807472,67.77743503989393,209.33823245013883
24.60581465397691,64.63846324799027,148.4654499206279
12.912219414947918,59.2027671442663,108.52003568742926
22.956787811913067,30.875238650437787,106.17086826997621
49.00162876427385,45.18153963149632,187.640060805894
24.63090469964348,63.50287016675557,139.24029883980515
16.437580514375412,54.709017297325246,106.00875431375982
31.67004271583629,98.90069681933986,203.87450592541842
12.007280938909654,22.27957773010598,77.24389713835319
3.7931664054331957,72.56300986428344,89.16745709418412
6.443986095532461,46.38868912938629,62.101139536570315
6.402291947888622,48.53796534330533,80.89889669405312
7.595134675614718,74.58379890923587,113.99727239868002
6.941358632470507,72.31925361919326,110.86991756791227
32.04373724016073,99.21303943319695,206.60452239932314
9.094004219957242,21.55548605087127,51.369571264590576
17.28336416619316,19.36986844457497,86.35088693499368
44.839420495300594,75.1904935415867,191.31810370339036
23.69808201314362,62.05482253057682,130.42602182174878
33.37788692605136,34.67445999038253,129.02152170209695
8.615993560081492,17.147743209008794,30.68538763947261
9.614450940433539,17.70924246367875,48.528674263177635
2.043430813323943,90.47717871977065,135.29589315431483
8.446753153608228,27.268059224686862,59.04741883660442
13.92951695159793,39.10344059039687,89.0549301446579
8.85052421383734,30.399076200428922,51.00355432338226
4.43512668785278,41.94966752487436,60.26380366908641
6.03179355503004,16.248145847148404,35.82529510091381
23.038938401636287,56.715381181744334,127.47865245462157
10.316685920289625,16.085130723299343,62.910309618720966
18.213493052403773,82.03208570401254,154.54914608307573
25.170863542742843,31.034087371938973,94.05348413381354
34.51974143146826,58.601072314405954,164.08568814027782
1.9656069920549468,89.20711788053124,121.9447764217427
39.97051994545213,68.57896321424747,198.62254610593996
31.39501947454539,57.966200789620174,168.8523964995914
4.087951597443595,39.190037780383804,52.09698241179086
43.67893120533886,39.97017217523781,154.05295951152914
46.04362002659066,70.25382596783712,191.837862638735
3.0538979927431873,99.47254250990508,129.66159740267423
13.843882407360187,69.56552708644408,127.75192226659672
40.31006398965307,60.20050756330224,187.88911421598635
37.41298451918292,75.75854592153215,188.68320616737066
9.226050967818866,51.86850510553463,87.10885831364027
10.467466166835514,15.412810834070669,51.18161834046099
18.5236051395691,60.60671342901188,115.68563994743677
24.226149259551065,96.18627560548421,201.88429109240644
30.912738576514798,25.777264812189365,97.13795394473365
18.445681978488622,72.10044017385991,139.4821389438107
23.126735806657393,28.084031979315082,116.75374008411796
37.37354690668783,58.22449160257732,168.37125563541235
1.834160144529895,18.700880468204765,30.126066573155512
12.621847217201038,50.53338426323666,93.62022493078231
35.66747929422762,78.05469960057215,186.03042093863158
44.76034188435997,41.28143718150839,180.16706407547528
25.583872105783307,69.84205520384963,130.65152739578275
26.605674263265783,81.59049647107562,184.75711843641847
5.358600566988803,93.44600375315073,116.29213439675144
22.370618341172733,31.117787366990818,95.60136740097666
26.630863322751157,45.938432422837735,122.41083301129655
12.123525181736483,23.71744119973757,69.65527509173349
13.462161547469048,99.32351519425377,141.86237858293967
18.864208155231132,93.43008711318657,168.89835158472113
1.0035598888863184,58.59614172525036,98.06736602538476
16.103958279158913,85.78299649387792,134.56775144462267
10.572400349827232,56.8862179544838,101.5915240960526
16.374867608895734,66.12271192024838,118.66460154857128
5.988106590962561,18.021198890441497,45.854577207866555
44.52636403699475,77.97433784471271,210.07659328029965
29.679622677702433,21.494213527171134,98.57724383641835
33.95511595722448,84.34608672272755,195.981816809045
39.45856193036691,80.38252789033473,218.1489193921864
24.922109946452863,73.78702279686789,153.9406643051006
4.346014404371185,13.254434247228591,38.96793652908409
26.85532709092739,37.28155203507957,103.94345059070233
29.342055901043956,33.680131291975854,109.20693353480083
37.271973709216496,42.41227667243672,153.79872905876908
21.58297731148397,17.88784720874547,95.26402021456414
6.379015139778188,94.32620407279565,137.69511622465686
14.188795289936223,59.842201664113865,109.15204991654565
18.154114819931756,37.49718795922212,95.37482665512947
32.295862066580064,45.72833653668551,128.10958167077558
28.538915233445593,50.24822864543521,142.6903157216899
17.80483629489231,64.05349000245556,135.19960936341155
49.32576243964898,56.4111484926848,191.4868809620134
30.288740967844358,92.74527758929756,187.31576404917297
11.861339586799724,54.726713461524724,102.98418741734946
5.089123631020187,99.29422133409814,132.50867731806227
7.642956959216601,86.62824619705862,127.39996168825361
12.297886419225406,28.765946292160223,91.26106949032093
8.034068662977784,93.75356931795247,135.11919783152746
9.328351202565289,20.472975809692848,49.305047457832416
14.254758434692356,83.57047376420724,134.44604654742795
8.66867976473774,44.256096412892205,87.22093482231436
44.83827123132126,89.01768884005625,222.1046629541896
4.011687283082111,88.12510210967054,114.28561035609567
26.225569478512732,82.5332860105859,182.81690723171502
20.519841349483077,81.10273926763553,167.8189205400067
49.11893084543032,37.42112251882367,166.69843847877715
5.601945108402617,17.282735474612696,21.078745826935616
19.892779952287082,46.268216088864534,120.32894608572437
48.473521663768445,25.61720634878578,150.078153520364
43.275356294699016,72.54559800122155,208.1493643298411
40.853603547464,41.1489753884007,136.81174115762246
12.895141352246991,97.80491807739234,163.5297284564814
8.544379369503291,67.68748696107988,95.47421348424626
33.43216099622155,84.02325072709249,196.71594455373008
46.46879945637929,21.927220546766357,147.62739397543217
27.83814465069649,87.58130340453603,170.15353151821802
28.580634473494992,93.0481471462055,184.03899962991628
13.998954683014208,53.83557269370423,111.46325850954761
38.47464665959684,64.56276439758797,179.72087845725002
9.352187427876169,78.83288208126959,128.82405687193875
16.183961820212183,25.73547645343713,96.10688213980985
21.27182193082084,55.23094688170982,108.81427496799336
25.38051893422275,45.87967249950818,139.67903008465294
12.120486620754011,23.17365929460242,64.15316708064006
5.741841236960177,43.07809800623783,62.060480216654554
30.53100212208163,16.135507844694423,87.3869784614475
14.431527662012789,12.323071625453828,53.97530119780623
29.061911071130613,22.16496602393405,113.46923802579198
7.718135763710116,96.68036004302564,139.03628025713073
24.057005092740873,59.45765823055153,151.60325191098747
26.629471627579292,96.9239945037898,173.37071557298037
2.5911768411213454,48.924809049711875,70.06682348399707
16.830213909696027,38.06345197767336,80.22774270331692
6.720733846948712,55.55276765562197,92.10147463036782
3.168748523638387,49.55605197696191,81.25800758242326
49.49801161949726,19.509821583556953,147.94919701220098
16.117692248736148,67.67436832211857,100.4613340421113
40.493722292731746,29.443436425863965,143.55591091083107
12.732032738188192,65.76291594080466,120.11296649177118
34.075136111196464,68.51809831583381,176.45250580660868
38.011392994484325,23.68223678157833,140.80498854232633
29.781937030392214,15.521466439960134,87.3700655074422
23.57880942750792,80.26854274615958,167.0714359186658
20.592045707363425,51.382038139238816,130.06363516027488
17.443413327149766,15.234741595492821,49.10434739240063
46.476457212391296,99.53796854527904,243.83322354450286
41.530970389386454,15.200250489672998,122.02592825099701
48.251345533325626,72.55317059726978,211.87694181902137
6.214861174277236,98.53110327370723,142.25124169952514
36.54337376018221,31.526209379433304,129.31760001463996
46.91702284105189,22.802443181847657,142.8984081292308
9.061653308283008,20.9246445480186,53.105230903210085
3.3248133683388748,37.294763281083604,47.19328996951948
37.056032464502955,19.0941229909582,109.69477746155536
28.723655658995597,72.29452075247187,170.3562968800203
42.0914388379136,15.606261831705641,117.46817094124421
6.988618831314475,55.84799153348107,96.15226192755557
39.76336559299451,99.70271684676791,228.6775871271473
10.081366002387227,83.25732425554169,112.85413682471213
8.182797143285224,65.36974944079098,97.12504566380568
8.213289896549647,37.56282587079505,82.5497098168019
40.728736011569104,66.15062526624746,176.39093503702293
33.25986103481001,57.433731752048644,152.42608806638953
26.153271238455964,48.347504550133436,133.02079248881898
17.941524206175124,21.76393390661795,83.80443629620531
43.86002704065541,89.79437937164201,219.887933987164
19.622255371131768,50.48061839391902,108.65727855361584
40.82997197357886,27.516026063868857,154.31785982757486
21.95674542851092,43.09834157895607,128.99887010400036
18.84722147124538,47.27167772760343,118.63264745905552
23.13398928348032,84.47841060101868,165.06224735557345
15.068893708207105,76.02529425052619,125.81993015473994
37.380469008812554,79.23744042772059,185.23165696973044
25.136019504623956,10.992813798578249,86.25656637251137
11.610634757340865,47.45385983617854,95.15520090565325
44.978728663728425,53.32097364717912,195.4479759654003
19.19456106866057,11.727304914075102,73.56366949390292
27.17764305569943,33.38318878705308,97.97313116611409
45.32360554822735,78.42608408099215,222.93979094498815
31.211899795699605,22.339873515609916,99.85699143483677
5.844902035418204,58.17791183073325,85.58603656590189
46.991606180673756,29.368168481551375,160.22281969206298
31.385402653570893,11.090869717950394,116.72922519330736
16.745280732854305,31.708131183958734,116.01214481293985
6.963603633169363,97.82863794190484,145.87060520457106
39.7012594635148,82.13834006946907,200.987190554946
31.003637796425675,96.361897988893,203.4884285625413
26.673054598816076,53.90686395337262,145.2474274998257
44.69462915254788,19.876257880975317,137.38140608296817
39.42986056122654,59.31635400763236,192.70638977134843
7.583743986637559,50.89396011039648,87.33281969098368
15.586103389777412,85.99213744656544,152.133254301236
12.424456990723288,18.827432270582015,65.31330372205124
37.19731462863385,53.94170233196004,166.9391954760812
1.676621736788969,23.50437982245858,45.786215133618846
28.494484243565825,39.22083342010539,117.12867884757179
38.122934287034525,76.36213696490196,186.35888253600834
43.838281838087475,52.84163164318899,167.00412023732852
17.104087435795375,43.82994566311924,104.75116569143378
41.06286523360064,45.50286507130318,170.04996620468654
5.531586847760361,51.350209156538796,85.02694676876632
42.32261458672591,80.65148894533512,224.33324753469228
6.374433116599121,90.2876220046211,129.22526900875266
19.864364528018363,95.98012178535355,176.5244740183953
39.86476828897768,80.82130476297655,190.73047767662294
7.4958713674386885,38.38662061732114,65.93262613463807
11.462569761632075,71.93212354778879,126.93035023708451
36.11262841965331,49.384281164985275,163.03372955454705
36.00182682730372,32.92035598414461,131.569324772591
32.057381644264865,85.67844214833303,187.24159217008113
34.697422223355,13.458371406609249,92.7148637795105
27.13622216737981,91.15857929218812,178.66055856100917
12.589952945347637,51.53297181622607,107.21828017803824
17.284799675195973,67.34813291274523,134.78180884434985
9.079885840071283,69.34185299852044,115.91659541221482
45.422528066681416,90.56059666358827,227.72677303481908
29.169589738306023,67.30027139504867,158.75493160610523
20.042570838181994,65.25402262840555,126.80804285480716
23.100290182206635,15.998683650462096,88.93743003809644
47.36416698059077,56.656721975068365,195.60821326545286
7.66757015580401,23.51521007353375,57.30736595767852
29.31149160083986,76.3690391849337,164.6612275973443
25.2944339442233,56.0999728731407,114.02262310961464
30.57271177173239,71.2205001287518,177.8679067013701
0.9055091910420254,13.750561054214584,18.976071682578525
43.606195447207575,17.63128144412229,126.54526871053446
46.60591412418062,74.4691049256414,217.81250034036117
28.256659179460446,16.487590239880603,91.50662983731654
34.83254119384461,16.413105498873275,122.37644342372568
46.124969058864785,11.08976277113987,139.79019746829678
35.36193171566993,96.0851258469532,215.54267353752346
7.626952145713068,76.37575235131062,102.05872607385007
28.81441800834066,41.79262676518577,139.30663699293856
30.335752319142795,36.68820231588897,127.47772888926231
21.2065335651193,41.47329067712646,104.09151133288796
36.82221178123614,79.71881780630636,194.1519954940805
46.718350738450745,69.5233549963373,187.46155051274843
46.278425645338814,26.667601108072112,156.78371355784026
22.541968570206606,25.66984018006759,81.86501455977691
5.661902292037762,18.85560847420576,28.254783040705973
49.242059948116726,69.42724477312044,196.19425173585742
41.94490432229671,78.79353959995623,215.5413920755885
6.2331340601633425,33.85417854925036,54.915215472580904
46.04209413086862,11.885046492782154,149.70456821767513
43.49481810310641,17.39545007287846,129.25357071469722
25.941902856303606,97.10740313605274,169.31006132809281
29.563771787246463,36.59002997296783,111.65222103619095
19.95013519350651,79.23008330543203,162.3095541503541
2.7380819411015667,66.21972119688374,89.74988850964773
16.759862082295047,44.37456756876063,94.66626332334437
40.14267242990057,28.51185359759996,141.17108765039924
0.23160115023014294,20.92477763434658,35.706563398466706
16.67495858455721,65.35116712349799,136.28278516861522
19.908434679547167,79.71704025740092,164.91652730667826
26.869780146896144,67.95138281870176,150.1184232917916
45.992780820638025,57.727191992424245,175.99410558168378
17.317299718298063,13.775610108847264,60.689329815129106
17.347660094811385,97.16398998349455,167.5687432830508
36.87506240548742,81.88427724891172,185.8111994503065
22.610897044490358,36.35398330308683,95.58051342597966
11.230241146999099,98.19732964229655,154.35027725375247
22.62197580663467,64.16934306726898,138.07162768160492
7.042851018989992,62.418039238652185,97.83674458797347
8.819349325311165,77.3265861486579,112.25532334466669
24.918388636973987,83.05928092811239,164.66310156411214
20.946272475227396,69.08307465983523,131.0230393371877
45.742295053405,21.528617172958,154.09206235230997
18.119694955831655,40.44407553950485,109.18462138422248
29.02941751390217,93.52752762934448,171.34469831758787
31.61321439597652,30.215405065946673,110.9964134671532
0.6547228294166818,43.4950321453762,43.86555309709235
33.17686860083553,48.88691946497764,140.106235515993
8.901798343487572,49.5464490725007,85.87585504781615
48.053515873472755,65.1645624245073,188.83481239610532
7.433136387655647,94.87682539702368,128.21643331431443
20.731206186351187,31.662344064925446,84.78325462297352
4.267483403932193,20.935123867082623,42.86353044431907
49.843712592297365,27.77234408739436,163.62953775597916
25.10975051656213,89.82324101883425,168.34488998063387
29.76925086600219,68.12297313896855,162.93890365316173
3.3538238694213742,35.73161103152441,50.79569206551007
37.49802351995889,83.43522450717555,196.15077710524736
10.495279654779289,87.52329967270924,153.00067964718468
44.90271447203569,86.18629048212502,234.0849452765427
10.256982024100358,92.7033880275599,128.8907083240468
9.534386033183328,32.701691815602544,76.3753194404731
1.827483392404744,77.95377358716505,111.22720233052581
23.603347255499962,51.4485547546726,114.26400095683084
28.24205666313082,85.77986976010554,186.72876180750228
3.2854319714176183,75.5641609445452,119.26989224612382
38.776380834750526,79.88027018497522,186.57182824640242
22.66444173740138,69.05456539129644,135.35155460291654
26.219513466379002,25.968589252273617,111.88770543711087
22.03813734691141,59.05242270072445,133.67320371640434
20.0381530437663,98.62027655720574,178.95447723045785
27.982016565410895,94.36492598474071,191.59884475922104
7.762012296535625,13.885636221731051,44.974753416697766
9.096406524763555,24.833333415649342,44.276295127577264
43.089281050675865,21.85558961091057,149.42308722599682
47.305773106681634,75.3381918986766,225.36616296939374
18.665465813987648,83.60067968712505,149.69057271883892
13.537233657177689,29.216022967960473,73.46754220635816
32.19997716195079,55.52674236566461,136.82095871811728
20.43670855490482,85.663272521008,164.03024597265
1.269317783017243,75.95213902896255,105.0364357094396
7.807629868309518,58.80134849426634,94.45878269390029
35.798611442369875,63.13129214128956,181.49761277417718
32.94619709550757,55.752449222465195,150.92765949592774
1.3547996251741745,36.77936061869385,58.16829106430406
11.098608096647473,60.85197935731145,95.57225208347127
11.55373982940357,71.99967718450816,120.04844068617633
33.59463717993642,88.59906242747269,193.56192528377989
0.9855268877182077,67.26622185813233,90.43636266946373
5.2054290992286925,78.50093833388422,108.5194294603992
39.99580426865947,24.40644714591157,132.96252129002588
8.92723310271668,51.54017269778109,97.42676170854408
32.63730539259374,10.839845784438397,95.23343605042824
11.909139052336325,32.20109780694607,57.348393991789315
4.972069637967258,75.38155436017044,125.38387836917687
12.158609549972704,99.26289562144271,168.32653940756788
36.11334659278296,18.92602896284943,105.07197428632053
42.784823405314285,46.13448842751594,174.2205226787568
41.51099322834958,82.00638718292436,202.15539998486972
19.85917648092274,28.363207116600897,91.31866189553853
33.40425682853231,59.95764543720576,163.40205788611263
10.249214770791049,75.97641664267073,119.45065889501927
14.657386513050664,65.43869052341611,112.33223825486203
44.81679092605599,26.922226115387453,142.44323813044232
0.6500961755368018,41.984611181716545,47.844854702089435
4.2754265427234035,80.54126060368574,104.01985699892695
10.394312757301366,59.8803862718815,102.17046251901766
1.3266101936909858,10.470665218862147,13.72372385575452
9.071771754489866,78.48916840252845,128.686952126385
29.152078048484608,13.178021944621516,108.56628300811661
21.0712275296249,77.1160404458109,144.41678494533488
44.63358555384874,28.223250414871366,152.84590938782125
40.87217808692205,96.22661321074422,227.64923217322752
17.0908675848938,43.11466761718761,104.18479281205238
12.971171671564624,39.42384547042712,85.49609642258498
18.984620408363345,23.39992452992002,87.9682846404096
29.51474712574039,37.50437939411934,128.61461261410076
13.403182041143813,88.89856856453805,132.8096131570322
31.2074453924567,99.67009038645226,211.3142825887772
20.470582609562022,43.14785774561635,116.8267941913121
27.602359042599012,50.37495678590883,126.8229847078023
21.806326456765834,74.98638443824633,149.8788558222862
14.723287977095884,89.75762024185671,156.35065416107847
47.422665348107834,63.37399007681057,197.51231326664865
38.18028970798804,45.23731283600464,165.46528015083578
7.005658788322627,47.13596567637614,102.71603072865153
43.42339879489564,72.60563318471262,192.8253964825444
24.371559912475682,10.289643724385082,64.46602621891354
44.72761134470457,65.76304037138567,198.77286276347297
39.992762797365764,41.99437093972217,162.59077717234246
21.26067522346167,81.47775981493758,153.6163360981316
1.12346541600587,18.369157584081893,44.38425927412329
13.433867969247304,62.93820402535515,100.72445675631195
27.081710733043344,53.28756008975114,143.57853517062583
31.673910991307363,67.80929733147048,159.49732606844404
12.894384271660114,15.836823503467151,73.43392794538383
6.967803703641207,62.198540868531815,116.98291183302237
41.74651183996495,60.533612916357136,174.3400492217075
49.22010903517761,60.459408497455385,195.10599142580466
26.28450911513429,64.31388999368093,156.48381965005086
8.583964292415175,70.8821143503726,107.64714145358991
13.615366325968449,82.44900997126928,137.52311560112187
0.9195338273733367,34.28386481153929,48.69335654770459
45.71494032802495,84.25444691620558,201.1959555575325
5.887554144507057,54.843011403710825,85.39212158477825
28.825823775712678,16.935245122089803,90.48957584514771
13.7027610343603,15.269583631958128,52.64917472025277
27.708900125789672,40.08144868264547,136.8063087683369
32.57101941759321,80.64072794003208,170.63135312922896
41.48709018536008,73.69128412668242,205.27931828289886
10.32106358803016,80.97534682051658,125.18344585137721
0.5497914329240239,56.55421507974484,71.44193499304554
6.844281503440364,49.61790981599415,89.555914498311
45.00093209240526,23.270727403565555,148.82771606098072
43.694503878125765,39.53734782483804,167.38720705731535
29.870655108515415,49.061742955648775,148.23257592339567
30.025843021682668,17.97403867116555,98.32037012777211
33.25183372731277,29.855075744009014,117.83330786601523
8.76856393117248,63.840276465736494,92.67823632123701
45.72059729624799,76.20968028152708,202.49900427866294
20.938526244603654,99.85127602536546,206.65879109503496
19.156926412474874,93.98019982092019,178.11535162365928
25.94588526414188,67.83086795816723,137.75101104807516
2.3482983387527523,47.91232479646648,55.14095603520596
8.314168437803971,67.25596282374094,111.31123710018397
36.90168082131852,80.70864562722087,199.57722477974102
4.139933396256323,20.65025718310486,45.61898046354028
30.15760547331941,46.891440072665944,134.1141838349607
12.267455484066048,85.58220570720555,137.11274295878277
19.464780702098828,44.54496567397396,110.39470580560939
14.434686838534994,61.46850441044679,115.70785245180694
17.783635823247458,62.89924247759784,102.7451768037607
35.95229525921228,26.602862782027543,124.50617718071182
14.85608578115875,42.601189748705956,84.74757780874089
28.32023201484486,40.1060159867739,125.67991341032594
23.802520109954983,12.35770376788583,109.18813482238454
33.18355826813241,12.177258750221972,106.24642282534042
46.8414869662379,84.85273393081961,220.7917012708543
36.62860486051252,34.576372897553114,147.28117464811754
10.747018929537838,56.62708896149339,104.64693294972878
1.5591567530642336,36.88530162298957,57.36119873476648
13.113202214991254,94.66113206038065,157.44486994209163
29.753896535012743,33.336708297919635,139.95422694333084
2.5712906742125172,48.66911314650416,58.52227810807712
24.818312360061817,88.54572254361416,178.0369687206061
29.84214244584446,85.77402101126278,173.27037002831108
16.712194540848042,26.749127606164958,84.43456594294054
38.545610187291096,82.23789788161393,190.8626378113035
5.32991265668859,51.23681980641034,75.63529727336302
3.756889086790438,53.46719848768197,75.6019617598154
36.409437810180165,22.01319751743494,132.19759873981943
24.774565810309923,17.254136238141218,96.82592245096842
34.420119821386805,75.51453762763887,169.2105709421698
21.74136693018731,54.68150371197698,125.52056288983914
12.320101661955341,49.31656323536616,87.88433148983601
40.955115883709986,75.65574057871571,185.5896292969805
39.970793948448964,78.89616090919988,197.43220745791857
34.73482354272134,24.30173509024182,117.91431308053532
13.607256861498135,64.92026345298771,141.18962316078583
29.511533343454353,22.1818674049917,109.72667249823287
18.04869484700134,77.62375774261412,129.4940714010979
4.579103666331708,69.12596406404256,93.75117600097091
45.86567877311214,96.09531589751121,245.1924089640878
6.84093154594807,16.206221472077907,62.43422236006291
47.51186769104012,15.134924903612887,126.08174598955618
22.300288647897787,35.39683672238802,84.42768183521963
