age,income,credit_score,transactions_month,avg_purchase_value,days_since_last_login,tenure_months,num_products,gender,region,churn
56,,770.8874695863384,29,84.82868870352047,143,90,1,Male,South,1
69,53051.954538008344,622.0254670069778,41,133.94380479443922,72,96,4,Female,East,1
46,38654.73882073545,665.727930802632,36,114.99302286467343,155,88,3,Male,North,1
32,28666.19435603489,715.2813582311163,29,153.87528415539657,76,110,2,Male,South,0
60,40301.4067363621,,27,115.3910306979121,168,99,2,Male,East,1
25,,526.7433831613457,18,104.60228446359676,286,37,4,Female,South,0
38,75307.12452608848,,40,141.6363407424396,84,96,1,Female,North,0
56,63224.59635424176,738.3808872399028,35,155.04676668764932,181,71,3,Male,West,1
36,49880.41038025074,611.3699297875287,33,93.26619220612793,314,33,4,Male,West,1
40,72199.16208335038,829.0739499967776,24,117.55697314590496,296,31,4,Male,East,0
28,254852.4782908424,610.5026680939828,20,77.66237465433389,111,55,2,Male,West,0
28,37080.73698007604,662.9185912237925,36,20.077559300282417,229,12,3,Female,East,0
41,72846.86115904486,757.9476966797513,22,128.01838525654915,95,11,1,Male,South,1
53,58083.65065526988,790.4265021711386,27,144.35621425018527,167,88,2,Female,East,0
57,34441.30768510315,794.3052503645479,30,130.48267236346902,155,72,4,Male,East,0
41,47144.91982874588,734.58563614152,28,42.017531289825314,104,32,2,Female,East,1
20,36865.726199228644,721.6843768068023,27,105.96602279694102,192,57,2,Male,West,0
39,29258.00403553496,691.4768864440828,43,31.26608959795675,329,38,5,Female,East,1
19,63892.66321297462,704.4852753316646,28,174.7880443061674,131,60,2,Female,North,0
41,78641.24960705196,611.4169998570027,22,76.55781671527656,354,86,2,Female,East,1
61,29021.486392712883,592.7260781604385,31,170.21614437839585,137,98,3,Male,South,0
47,58444.538550358564,649.7637879812333,33,157.83478574736583,330,19,2,Female,North,1
55,40240.361463172594,638.087076423255,37,83.97638589855754,269,116,1,Male,South,1
19,42693.11924352956,618.2740365470908,29,74.6886019492902,37,84,4,Female,South,0
38,41114.09113641696,698.7471213219701,24,134.01480865545352,44,56,3,Female,South,1
50,37040.138454802756,716.8713645999358,24,86.22703851267715,162,14,2,Male,North,0
29,50727.82441917241,656.1884820404293,25,124.0993856863283,330,33,1,Female,North,1
39,37535.748253834434,753.4271056738684,24,100.68689636772326,252,10,4,Female,West,1
61,54056.85238669758,570.0817620106546,34,48.75366342137467,168,80,3,Male,North,1
42,49246.42835826294,636.4438378504198,30,30.781279235021643,284,64,1,Female,East,1
66,46415.77929700386,599.8224375578036,21,129.06736993978387,273,64,2,Female,South,1
44,36386.545069376036,519.3424368048858,24,97.53769014677499,19,62,5,Female,West,1
59,41348.43004147501,,25,97.8764073234347,238,68,5,Female,North,1
45,61330.86838738634,641.4776744131701,22,147.8345535637514,269,91,3,Male,South,0
33,57513.75781436571,755.9414820269492,30,166.9376910652978,309,92,1,Female,North,0
32,35336.67132802174,694.1568179188345,26,109.09821114552763,30,43,4,Female,West,1
64,51489.98458143839,578.3069222969557,28,106.37605172360554,313,80,1,Female,North,1
68,61270.80685057683,779.7864796433932,32,140.00572132455534,103,59,5,Female,North,1
61,24958.920783179423,735.4723586867747,29,65.72257721201699,169,52,3,Female,South,0
69,58150.402885699026,690.7468392428032,31,128.9261221899079,185,97,2,Female,East,1
20,40060.643615812296,,33,142.07543887288617,127,112,1,Female,North,0
54,58558.98002889739,582.8392534293564,30,147.20920833670516,209,19,5,Female,West,1
68,38551.11265186225,623.9455256750263,37,42.5298918999014,280,21,4,Male,North,1
24,22926.768490032213,726.212403379293,30,,252,22,3,Male,North,1
38,25586.86343175256,781.9210414154227,32,84.86946988706134,18,9,2,Male,East,1
26,50721.27419992073,758.0270469790532,27,123.99547817636852,199,9,1,Male,South,1
56,53895.83752582223,615.7805404749608,33,139.22978319071936,219,73,4,Female,West,0
35,36435.25062343387,571.6267796697692,28,179.86841629783925,135,27,2,Female,South,1
21,59578.88688166061,659.8620372837843,25,100.20138078527708,222,17,5,Male,South,0
42,25077.1990659656,526.2092444106004,29,100.09710006763144,2,44,5,Male,South,0
31,49008.80302029025,672.6217399929347,35,165.98688075514988,235,45,4,Male,North,1
67,31834.75700356315,639.6678189590932,30,131.8630775412122,341,8,5,Female,East,1
26,40222.45838296761,617.377444869223,32,170.70606044751895,227,80,3,Female,North,1
43,,538.3707852913243,26,,141,18,4,Male,West,0
19,37093.799520740715,685.9520074598802,34,73.71533525146916,8,33,5,Male,East,0
37,44231.66683655262,612.7109412236662,36,66.67486580888774,189,1,1,Male,South,0
45,65094.39213821661,568.1058215002798,27,57.93951003764284,349,76,5,Male,East,1
64,41346.62195715277,448.94164507028455,29,146.48207339033894,164,6,3,Male,West,0
24,62535.38168097712,648.0739566464555,29,167.5438729234803,138,41,2,Female,North,0
61,33054.397180135726,774.0576117668821,28,193.97448565545523,275,55,2,Male,North,0
25,57947.06266872924,766.2881450183509,38,153.72421329292962,290,5,5,Female,South,1
64,71623.5293098685,,20,166.51354310139942,52,59,2,Male,North,0
52,12925.332498090662,607.8451557746754,28,96.79934669385261,174,80,5,Male,North,0
31,38046.57116794285,682.8141979252516,46,73.74336733024573,109,18,3,Female,West,1
34,58656.081907708096,580.1130192568196,32,154.00317329670213,202,49,2,Male,East,1
53,46954.31920935511,671.1254329873626,28,136.70723008957603,135,82,1,Female,North,1
67,55567.188100569634,703.6256194869284,31,124.2977749736357,3,65,5,Female,West,0
57,40940.22219926269,735.8853256719016,25,135.4948592253196,154,83,2,Male,West,0
21,51298.8468120935,642.9892146464033,28,132.92741929832823,171,54,3,Male,South,0
19,47664.84146911881,635.7428374876124,28,171.35267439414247,357,61,3,Female,West,1
23,67516.73092489711,588.5412189270407,34,171.79942339267825,46,8,1,Female,South,0
59,53816.31264951819,592.1183752172097,33,141.76881409361388,93,3,3,Male,North,1
21,55064.039931128034,634.1464775668932,25,153.83211490251713,47,25,3,Female,South,1
46,43821.84550816299,675.7155854771324,30,140.56250209699104,239,69,2,Male,West,0
35,42685.906638912595,713.9509238363274,35,101.55321071861525,346,55,5,Female,East,0
43,43511.627182705684,593.7774734523758,31,150.2625869965256,212,40,4,Male,East,0
61,55916.78213567445,754.4881998271666,35,64.22019724562954,339,83,3,Female,North,1
51,43685.232787696055,631.0213479270202,35,,323,82,3,Female,North,1
27,54346.62285344619,648.5042893956095,35,72.2190824093586,138,50,4,Male,East,0
53,81131.01197968159,597.6951824596524,23,131.43213147178932,204,117,3,Female,South,1
31,63066.87055147538,480.3031817808941,32,86.19384166295364,72,95,2,Female,North,0
48,45109.647017482384,711.8831777452734,24,142.13555932297706,3,33,2,Female,West,0
65,68018.20883245918,701.5790727964703,38,118.64299096288364,75,111,4,Female,North,0
32,43878.86940467673,630.307071001725,39,56.2097616734667,328,18,3,Female,South,1
25,19428.13197233219,654.689350205741,32,136.82798524073917,76,57,3,Female,North,1
31,34878.70533623894,686.115745239287,38,96.88316892669158,303,103,5,Female,West,0
40,21938.121184612166,540.621790017942,32,155.24586883253477,255,16,3,Male,West,0
57,,612.9663125857594,30,120.0530275493763,101,80,2,Female,West,1
38,,705.5985275735279,26,135.8168394155215,105,111,1,Female,South,0
33,75146.55968412924,562.1997403781526,27,81.69724179939152,332,38,1,Male,South,1
62,54903.910606462436,670.5490552516641,25,96.42671074290553,38,41,1,Female,West,0
35,46713.49206786704,555.0392736763616,39,101.65445455595662,313,7,1,Female,West,1
64,62441.083717752335,682.6500987703469,24,154.26809920970223,274,78,3,Male,South,0
41,,647.5050962391762,33,187.09508351221956,87,107,3,Female,South,1
43,53534.21837162849,536.9407728866144,36,87.79312993028495,210,53,5,Female,South,0
42,61562.9779083045,731.531754812002,35,163.0739257863072,76,63,3,Male,East,1
62,27821.206313302377,598.5785896241366,33,33.21290329097192,76,112,1,Male,South,1
58,67156.31064810394,593.2823294089933,41,72.23242395630842,27,89,4,Female,West,1
46,55077.44611241621,664.039843806166,27,81.648861752529,244,32,4,Female,East,1
32,43770.681291487985,730.4046144600101,24,65.8996524223711,65,38,2,Male,South,0
62,59491.72799159427,578.8924726715122,25,56.6564644084968,265,22,2,Female,West,1
18,84060.39286706594,654.317589489358,26,136.5199564855119,204,16,3,Male,North,1
42,52727.99382587743,680.01715502314,34,111.43729209088555,57,52,4,Male,East,0
24,53723.30879450504,698.5173925084201,21,135.17621590420438,200,29,1,Male,West,1
26,43109.58650689634,662.3509088694058,28,147.61890744486053,224,16,1,Female,North,0
41,37252.33445802813,624.3080512641675,25,130.62467972690135,141,76,1,Male,West,1
18,62455.03724816369,592.0686845545896,27,146.31052704601495,83,17,3,Male,South,1
61,37158.74261136699,656.0300718132462,38,117.21870855030923,142,101,3,Male,South,1
25,51073.49355829089,574.9502691610076,26,72.52026446777022,351,64,5,Female,North,1
41,42835.13829852325,445.50546615537746,20,162.31256723283184,32,91,1,Female,South,1
28,57184.697386195876,680.5591862910368,34,96.43551468875492,151,89,1,Female,West,1
68,55004.931579304226,713.2754388760337,25,82.57614804950296,157,13,3,Male,North,0
34,65563.0991638685,484.59472951207135,28,112.88328496782407,140,72,3,Female,West,0
25,42349.75401717879,579.3188506703044,35,83.48756322813948,250,56,5,Female,West,1
52,45951.87597059943,,27,103.30278472042271,302,5,5,Male,West,1
52,35318.54426326539,794.0246828798189,25,133.76215686253866,111,12,2,Male,South,0
50,43335.60109885833,651.4555595372785,35,133.93366956984508,143,41,4,Female,South,0
22,55659.50739567279,599.0397941139606,34,84.08679734297482,208,3,1,Female,West,1
59,,,36,100.49178508205021,223,99,1,Male,East,1
56,36167.52013733562,746.241349340373,31,162.97332019080974,42,33,5,Female,West,1
58,63044.088801584905,604.7825074612825,37,139.85600470935765,263,86,5,Male,West,1
45,70334.56788207426,594.0565595344823,34,203.00260157394166,243,50,2,Male,North,1
24,56201.523548355515,616.2079534472578,33,167.20512694966112,2,56,4,Female,West,1
26,78151.937188371,583.2669974218901,25,165.77172274239757,124,108,2,Female,South,0
25,38393.1620134464,658.5869221196357,27,64.48525798176792,267,9,4,Female,North,1
29,,,35,150.5544140653369,83,105,1,Female,East,1
51,23319.19626643582,672.6155491181221,31,117.87572793212357,15,82,2,Male,North,0
50,72440.66467233775,632.3352548511599,29,97.96072785847002,333,50,5,Female,East,0
65,59815.484845310864,629.5732111759119,33,126.72061362130114,58,29,2,Female,North,0
40,49166.229936343174,540.576643391234,41,157.80846138445935,176,39,2,Female,North,0
41,54199.529394797304,711.8176844003011,30,140.03326364016846,62,91,1,Male,East,1
54,33117.66429052435,644.5513962091038,33,84.8610479463176,48,100,5,Female,South,0
52,86686.27969425239,637.3664060486562,26,149.69835654370482,306,45,5,Female,South,0
61,51938.31772962841,873.5175297491403,32,94.49649831696144,245,17,3,Male,South,1
57,51640.92191907339,670.912703585598,24,128.66732475857145,288,56,3,Male,North,0
39,60886.49935848038,597.3746264933371,29,107.86599730091463,285,98,3,Male,West,0
44,57215.1384760507,620.154968265612,36,111.24534993057497,331,46,1,Male,North,1
52,53358.26036418697,730.3911996437728,32,150.64971900162038,14,67,2,Male,West,1
18,38142.88316832032,657.9289287376436,36,78.39225120736408,337,69,5,Female,West,1
52,,549.3205415177844,44,197.8078029710773,254,14,5,Male,South,1
54,254852.4782908424,,30,47.15655722822015,91,67,2,Male,West,1
64,70181.30069232467,603.2299140122705,23,96.09329266980572,278,23,5,Male,North,1
31,73897.79939959096,781.1308443352282,31,134.80847559766963,205,103,2,Male,North,1
20,254852.4782908424,725.6033646000254,28,143.3725666574124,93,94,1,Male,South,0
18,35155.92769612129,618.6874673038874,21,115.98097117713179,224,114,1,Male,East,0
22,48113.19619850528,739.6711453214579,33,,300,109,1,Male,North,1
43,50835.87368433042,654.7498857369183,24,136.42200341310468,317,61,2,Male,West,0
31,66412.87277706423,709.6941572585554,26,110.75722090169279,198,23,2,Female,North,1
56,24613.03055427771,683.9312972106133,38,175.72725031739623,270,27,4,Female,North,0
44,72943.2547919092,590.7550341506388,36,153.5739645692641,233,54,5,Female,North,1
26,47629.88152131516,604.9515117377777,27,154.91297404022538,45,10,5,Male,East,0
32,43596.7839507887,722.0972572306813,21,81.35373106518333,63,89,4,Male,West,1
32,34818.434371097486,,20,116.82446302377188,229,77,4,Male,South,0
43,25177.14992201346,621.7446075730602,25,107.98136205117186,248,16,1,Female,North,1
59,62347.55875942872,583.1414194455454,26,79.77594497242137,245,41,4,Male,West,0
30,51099.76950782606,679.6519345915423,24,134.40656735783068,74,98,2,Male,West,0
68,30650.58650388419,794.3767443470201,26,,156,55,3,Male,South,1
49,30573.818419045758,575.2726960022009,27,146.21615319400948,222,101,2,Female,North,0
56,44963.229510648074,651.695361967093,25,77.19233748422673,189,61,4,Female,East,0
66,75035.32287934089,748.85543887908,26,188.76162451367284,51,86,5,Male,West,0
69,46106.12972954593,644.4251026128,33,84.14669365631752,87,81,2,Female,South,0
49,27452.855703228408,681.6660257374814,25,,312,87,5,Male,East,0
21,46313.85403871084,575.6324530297184,23,151.6743724155227,338,118,2,Male,West,1
47,45909.146453784946,679.9814968045354,37,97.17438279199548,65,100,5,Female,North,1
54,9546.700355876426,636.8999014496816,21,154.09874573731804,149,49,2,Female,West,0
40,49185.577002232814,719.0010996975905,27,70.83265608798335,19,73,5,Female,East,1
56,46535.98204686983,733.1170236095326,35,178.08470796730242,32,52,3,Female,East,0
62,60443.095472201276,831.2694549413029,31,120.56597059863033,327,2,1,Male,North,1
32,77734.34142418018,690.5743221249503,23,96.14354368124481,280,96,2,Male,North,0
60,66898.47544321636,672.8057421607516,26,108.03272910290262,45,50,3,Female,South,0
46,45966.669641677545,663.6069011104136,21,152.35677077570878,72,117,1,Female,North,0
53,33402.11136887495,625.2783595032519,27,96.62178832598246,353,86,2,Male,South,0
30,,673.6938690423184,19,90.0256924230889,312,43,3,Male,East,1
49,50888.27651021732,629.321901290268,29,111.13853609665047,342,77,3,Male,East,1
24,254852.4782908424,661.792268338873,31,72.92151548920128,132,8,3,Male,West,1
68,49638.12369334995,742.2318274925572,27,192.82175631767262,54,59,4,Female,West,0
39,52971.271411517824,579.5420204304252,38,97.34421635141106,60,65,5,Female,South,1
45,47834.593821140865,729.7914992790331,24,153.26467144721613,344,81,1,Female,North,1
19,41395.069896796456,742.1980547137906,34,128.3788033459109,7,12,5,Male,North,0
59,41797.115881394115,641.7352031106245,30,80.61863798072127,271,4,5,Male,West,0
62,49508.70094676002,501.4701570693984,28,119.76181163149083,245,117,5,Female,East,0
23,41848.62843299352,,28,151.36011117242992,175,77,3,Female,South,1
45,39307.313259842536,740.7896182592776,29,112.46954659654774,115,95,5,Female,East,1
45,51596.453415378455,648.3992356390783,23,167.7245178340411,316,41,4,Male,East,0
61,46175.34173868717,580.0488437393562,42,160.86061571127456,270,7,2,Female,North,1
61,72559.89482874033,614.6657555140248,31,156.7565941863332,192,87,3,Male,South,0
37,10235.45287410482,708.8434018553187,30,101.61372910908013,149,88,1,Female,East,1
47,66372.60277883692,688.2713497740965,25,76.80630208874052,130,69,2,Female,West,0
28,68691.27788746444,633.2747530581214,28,95.45649578548822,101,69,2,Female,West,1
45,18899.146513877757,624.3222911729719,23,127.84963762666882,309,81,2,Male,North,1
42,44859.68608879477,622.5769295669324,24,141.8314685412942,269,30,5,Male,West,1
56,44428.38701006313,585.4312870851048,25,33.1371438095821,291,73,5,Male,West,0
50,28887.32457923268,763.076298262861,36,119.67547193552998,209,6,3,Male,East,0
18,38332.74968613687,627.4375671552062,31,126.32356901292738,360,89,5,Male,West,0
44,33341.36231801257,735.2010964577847,28,108.89822974737794,337,19,5,Male,West,1
69,76284.05665135435,756.4921236345716,28,171.65095356063517,66,80,5,Female,East,0
30,64035.17589721191,719.8817628703572,31,136.87120297003483,9,85,3,Male,North,1
58,69073.32642491237,619.7865781097366,35,172.40767632323588,48,66,3,Female,North,0
20,60825.08096064853,678.2611063235627,33,111.3615791859907,110,10,4,Male,South,0
56,33064.22343174156,648.3063075526359,25,157.499099700277,320,16,4,Female,West,1
23,42132.196005803395,586.740869748891,26,185.40265578110078,218,37,4,Female,East,1
25,57340.61841841877,672.7051497205122,35,172.46773797090646,56,79,4,Male,South,0
44,31668.082866620818,567.4672146188138,34,76.31433626285067,282,77,2,Female,North,0
26,60694.97645258582,733.1375571923095,29,109.85295689830477,112,77,2,Male,North,1
54,46395.119027627974,617.4767891891125,21,106.19341178200814,132,32,4,Male,East,1
50,44377.68788675604,664.0811759110987,39,139.5701814030531,70,109,4,Male,South,0
68,,669.8301510082299,26,147.45414220058132,82,47,1,Male,South,1
59,56663.9496722906,631.8766518407145,29,86.44429303897056,56,110,2,Female,East,0
61,254852.4782908424,691.0685661032692,34,122.7135405566775,348,72,1,Male,East,0
41,67389.94705046373,616.7567440364232,30,39.202906713754544,270,43,1,Female,South,0
32,33784.05008600154,710.9908108220071,35,177.67780023207558,110,82,5,Female,North,1
49,59239.034104163955,555.7814223827276,36,99.50503037293225,356,36,3,Female,West,0
49,58896.51886952575,658.8465705682488,27,122.23455759377988,75,26,2,Male,North,0
41,45356.803410290144,785.7250299340799,30,107.61401144047755,157,10,4,Female,East,1
58,,579.9768072776097,18,165.8411030005366,19,31,4,Male,South,1
69,31233.296354220456,602.5578520632604,31,6.499742344104845,130,97,3,Female,South,1
66,63860.40528810352,685.973549476124,36,119.33558630696363,328,29,2,Male,West,0
66,47226.46795335517,662.5707247357718,25,115.76724970009208,121,5,4,Male,South,1
69,42159.154692214404,674.5441069491492,34,101.8545444963327,40,77,4,Male,West,1
29,65735.13838755334,684.2430991103364,32,189.0490618254253,166,1,5,Male,North,0
56,39434.84464185861,694.4305027993239,24,,129,87,1,Female,North,0
19,254852.4782908424,727.6789889369356,35,150.87184708942644,22,104,4,Female,South,0
20,26650.562397141442,678.6873059849959,34,134.25011154824335,278,3,2,Male,South,0
66,59090.14927018459,633.111964176702,35,170.46077010142062,250,67,3,Female,East,1
54,30793.559712555754,697.0801590841912,33,93.31243660889979,8,71,5,Male,East,0
66,76321.91272976546,782.9917354426651,40,90.68124403504964,12,100,2,Male,South,1
34,18771.058881744168,640.7156377532199,19,163.84279629909594,306,35,5,Female,South,0
66,75446.84552435057,581.7829486730551,36,137.01285233320442,319,15,1,Male,North,0
19,53165.26200803927,727.4956468500881,35,58.202506132929656,51,104,4,Male,South,1
19,48549.30332194411,641.5733185232481,27,98.42779942146919,208,67,2,Male,East,1
45,41826.21369786575,497.9131317790175,40,135.45530615392244,37,93,3,Male,North,1
40,55987.04171528106,709.3195174005295,32,153.51056886186356,99,30,1,Male,West,0
54,49435.47946362727,612.5270269832254,27,,192,103,1,Female,East,0
49,66549.52823024782,643.6626702387088,34,3.4297604073223624,190,82,5,Female,East,1
50,,673.238623139831,33,140.92892742948132,50,75,1,Female,North,1
18,52254.52642192817,663.3349775845346,27,71.18717240224098,140,43,2,Male,West,0
36,44545.81681679216,699.6616271997327,29,39.306448075103546,167,113,5,Male,East,1
19,49145.81564418399,619.515954060111,27,6.706963000634374,310,60,1,Male,South,1
61,54617.026533380886,685.9174058723258,41,152.55923440790966,108,102,3,Male,East,0
43,24347.474110150615,631.8317325691258,28,125.14469801619866,206,40,2,Male,North,1
49,29777.218668414305,701.7167336621252,19,110.97374477150993,299,65,3,Male,North,0
23,61148.96141034072,693.0757238809138,24,175.56097451851048,109,29,3,Female,North,0
49,52562.981571919125,584.5192908568783,29,145.4929873209229,195,74,5,Male,East,0
21,47240.24995470981,726.0187481322523,26,184.65200170887667,151,92,4,Female,West,1
28,50276.5089959809,612.4825588420166,33,64.29058111332014,242,95,5,Male,South,1
34,55213.72558042507,706.5640458796802,34,118.61797504184146,127,19,2,Female,North,1
55,41903.60479535958,675.7101119380939,34,55.331465002079426,104,3,2,Male,West,1
41,38325.42911896531,778.6728573756586,33,110.82470672578131,9,36,5,Female,South,0
22,52937.67882646522,634.3573812339704,28,110.0553658493329,355,43,4,Female,North,0
69,,625.5478242717262,27,145.06454549052285,147,15,5,Male,South,1
51,56123.79133571708,648.6406275878587,26,121.82255524567593,364,97,2,Male,South,1
23,24461.245936432395,628.7774152016007,24,144.93628553119663,363,41,4,Female,West,1
39,65437.33455988466,705.9959331359435,29,148.13760532555577,139,107,2,Male,South,1
28,57088.96223619564,536.8582574094388,22,206.19714709532568,189,115,4,Male,North,0
65,53840.44601470813,576.2422306597553,30,107.38813378855502,93,109,4,Male,West,1
33,64740.36475918271,575.2537954894565,30,,228,90,5,Female,East,0
50,74982.11666693864,716.5215314381503,31,129.84334461265635,62,80,5,Male,East,1
26,65215.55097527196,769.7429360807348,24,87.90879891441827,339,36,5,Female,West,1
23,22386.88653002532,642.688554702377,31,179.27843073746143,24,97,4,Female,East,1
33,30806.345498964478,638.1824793766992,27,108.6712784421907,267,84,4,Male,South,0
46,40627.72133456482,654.9036514179227,36,97.37694528504039,280,77,2,Female,North,1
20,50391.36575316251,731.3314811825733,28,101.14737115395528,10,33,3,Male,South,0
37,57764.88530703685,585.0852806066598,35,148.73669693886563,319,5,5,Male,West,0
53,39113.84280269802,666.6858287914349,31,113.69012067074058,200,101,2,Female,North,1
36,52801.50146715617,,25,,125,78,2,Female,West,0
43,38669.256014700164,685.0765918957892,31,,305,91,1,Female,West,0
20,40827.23295512078,663.270713161912,30,,189,87,5,Female,West,0
36,28900.083547276667,720.0732264796999,24,121.42264296131974,88,14,2,Female,South,1
37,,460.7737394900534,29,146.0922460644092,354,104,1,Male,North,0
49,29724.730915754997,697.4512723671635,18,54.746595583317074,115,68,5,Female,North,0
24,35361.90120534001,604.2147021810804,33,,351,103,4,Male,North,1
69,65804.62694911759,521.855697220048,25,77.79569298078202,176,116,1,Male,South,1
58,35759.01666752085,685.7841819667486,26,152.9113112333601,13,83,4,Female,East,0
50,89485.73097256086,746.156098161407,28,81.49395952324095,256,47,3,Female,South,0
57,57399.76851321334,640.3786039760615,36,147.71076127395443,208,54,3,Female,South,0
56,52772.54185542311,716.7012183042057,27,164.2333226517885,280,4,3,Female,West,0
35,37124.6332972818,762.8594780592052,35,154.4574610253122,327,94,3,Female,North,1
57,60504.64819113487,742.0440117508833,25,130.0526659295241,324,83,2,Male,North,1
18,41365.43260643339,764.7975170559976,29,110.74796228281203,104,95,3,Male,East,0
28,51830.147219680424,701.9489243750324,36,96.94321694660624,146,95,2,Male,East,1
45,88401.26807403192,655.2803547231115,28,178.84138763268416,278,9,2,Female,West,0
42,48559.10150413025,537.8623931671982,36,92.02019119329427,8,53,5,Female,North,1
67,,632.7756258309036,29,78.51735705720016,117,77,2,Male,East,1
40,39452.35362311169,590.9727383278666,40,146.6147574013132,93,78,2,Female,East,0
48,49475.17264254557,801.965990224847,40,88.15452787254019,143,119,3,Female,North,0
47,76562.00953453264,637.6879931297365,30,81.9974601013549,288,60,2,Female,South,0
59,40595.494133183485,658.624336474914,30,62.255829513209406,13,46,4,Male,East,0
52,77186.72836995393,688.6039763228328,24,100.6836064215793,256,54,3,Female,North,1
24,60616.279031832135,653.0521712460718,34,116.69139904414027,345,74,1,Male,East,1
33,41562.99836158598,768.6535728301527,29,129.72366910642796,185,112,3,Female,West,0
43,59486.116085832815,606.4145446785884,33,,344,95,2,Female,East,1
65,64588.316744400945,663.622521866607,28,141.07591694663174,206,37,4,Male,North,1
69,59327.149433257946,598.0270590011366,28,112.36511121787281,345,23,3,Female,East,0
66,26446.629201643154,557.5984242145506,36,112.0721729448112,171,27,4,Female,West,0
19,39092.94236262697,607.17616363663,28,140.40629875660733,269,70,1,Female,West,1
18,254852.4782908424,647.4074242066112,22,170.90280651714278,220,90,1,Male,East,0
65,48883.498563499306,619.9488442837918,29,125.052567979328,151,66,5,Female,East,0
29,59310.08146326017,601.53053140883,33,101.23476583158364,110,109,5,Female,West,1
22,52665.51501399881,551.5577775429716,28,80.28535995657819,182,61,3,Female,West,1
54,29969.83461934848,644.1826099159914,24,,338,77,5,Female,South,0
49,55702.967765089445,544.6695738178298,24,146.65078688174094,71,51,4,Female,South,1
26,59158.786179257346,703.2039174582721,31,143.11914094558227,282,50,5,Male,West,0
58,58396.856718965595,655.7707827054153,30,143.09454100426646,73,19,4,Male,East,0
52,66211.71088331932,547.9713950374548,43,114.85362214591777,354,1,5,Female,North,1
36,254852.4782908424,628.3553646065095,39,176.27738983567002,214,40,5,Female,East,1
65,56887.70118842655,597.3490516086592,32,100.63526021660729,327,32,5,Male,East,0
33,48947.51432812029,672.3422157293427,34,158.21076948828824,22,22,2,Female,South,0
20,25085.58599726013,743.8315312216201,33,118.45028420041828,67,112,2,Female,South,0
37,56444.273286988784,518.7379271247979,31,95.6659694128265,361,93,5,Female,South,1
41,53115.31530744667,658.0518255403192,29,143.70121229271047,92,66,4,Female,West,0
50,54073.6825579306,638.7907043103352,39,136.38544474735974,320,40,3,Female,West,1
41,30848.77136269536,,36,134.27891037067704,323,38,1,Female,East,0
69,,664.9237639766383,30,,62,48,2,Female,East,1
28,65797.29279999355,597.3621467782826,31,118.48427673132676,223,55,5,Female,North,0
66,49406.672692150176,627.6662245033367,16,215.53487971481755,224,75,1,Male,East,1
25,60222.510460589365,594.2781900237558,45,167.37026580784692,345,81,2,Male,East,0
53,,725.3204997019019,34,148.91307579942048,336,55,3,Female,South,0
55,50446.34209243618,651.4918154070359,33,124.47196632813554,102,51,4,Female,South,0
57,64074.25708963996,783.0833480027105,42,160.28628802386677,214,107,5,Female,South,0
37,42259.32907673939,645.7537430329766,35,140.71979105565808,191,60,3,Female,South,1
52,51441.811654114754,600.4115263162676,32,121.04819011096143,159,8,2,Male,South,1
65,43065.87066942436,,33,107.8574269893634,206,86,5,Male,North,1
42,43482.55658851527,523.7802226620838,41,116.76330649349248,268,68,1,Male,North,1
52,45362.41814797041,539.1104839896157,32,-6.8170294351222225,193,75,4,Male,North,1
42,53332.00657450569,668.6988655708038,27,128.42403357190568,151,72,2,Female,South,0
46,42818.77067504784,685.6107516260954,29,100.46095679558562,236,9,4,Female,West,1
35,68836.34188360281,539.3166508577507,24,183.70679993131535,87,90,5,Female,South,1
63,36580.89046670744,712.6526819853281,21,120.77376283247017,10,2,3,Male,South,1
35,47196.92533757961,616.1857263821593,22,72.44146321860153,186,80,4,Female,North,1
19,43404.034125887374,660.2755108389885,33,118.00479383487529,213,95,1,Female,South,0
52,71704.668265306,762.8554439778798,24,78.15515659749983,14,70,2,Male,North,0
33,,712.7787521105872,49,138.93629662849867,265,117,1,Male,South,0
58,65477.66809202952,631.2028546465917,40,131.63789457357942,296,85,4,Male,East,0
53,27716.59440444542,587.6165442209299,18,158.3135852443307,72,90,3,Male,West,1
50,,499.37292190694865,31,88.36472833221738,51,59,3,Male,West,1
21,63344.46193435155,599.6592676530306,27,121.36032384912588,127,19,1,Female,North,0
50,51234.259839131366,635.2208832820614,31,65.39912818293459,27,28,5,Female,East,0
31,65982.20562598026,580.8974330994172,26,148.0597912769886,64,72,5,Male,West,1
38,42240.673248494415,640.8120123035387,26,140.7548472176049,16,14,3,Female,North,1
65,71140.2116027837,655.3796318071138,28,139.83220084110283,350,24,1,Female,South,0
37,84483.47185428876,634.2600812734345,18,120.06476125427764,137,112,1,Female,South,0
25,44557.42159340512,604.4998193423578,25,136.59091563155164,318,44,1,Female,East,0
24,43317.462178988426,661.805827037671,21,184.17356433234386,228,101,4,Male,West,0
20,,680.9358454698586,27,108.59622971831945,253,56,5,Female,South,1
34,73693.58218596068,573.6720645790008,21,125.54580734840339,209,90,5,Female,North,1
50,42157.09959270098,748.765266582239,34,76.55494803274361,293,95,4,Female,South,1
65,43697.19774356214,643.0988307401017,30,85.2695615360667,230,51,2,Male,South,0
29,45773.230867092396,651.3194736061394,27,123.9125317237323,240,32,4,Female,West,1
68,29833.242334485843,699.575009627959,30,164.1573418680763,69,50,1,Male,West,1
39,36220.22080273703,666.3251291884451,31,109.7487670299371,103,41,4,Male,North,0
39,34937.88849871898,716.7195643739271,34,110.56333882751504,203,66,1,Male,East,0
63,38483.03652343807,,23,103.72459021982502,52,25,3,Male,East,0
47,49479.72668919828,607.1293837751693,28,98.60973316622707,329,116,1,Female,South,0
55,53513.22098804781,,33,131.79885822835286,53,108,5,Male,North,0
55,73257.50739221115,569.9391654875537,33,,275,61,4,Male,East,0
62,35024.68938891814,657.5991794043566,32,171.23758306666912,334,66,1,Male,East,1
68,64764.83597714876,,27,93.38310807482158,30,42,2,Male,South,1
25,46790.16733661736,635.4318199909222,28,148.87613941752565,134,65,3,Male,North,1
44,49258.044355213504,641.0023741992749,33,69.20005610424496,57,36,2,Female,East,1
44,60122.29238249906,518.2705668151652,33,146.75360522184872,104,76,2,Male,West,1
51,33159.16967656552,611.5892564581327,28,146.8777843125799,265,9,2,Female,West,1
38,55736.14619276076,656.4991430798781,34,135.36808288023587,9,36,3,Female,South,0
47,52496.78312319584,661.1899474398181,33,80.22285912800831,252,105,3,Male,South,0
50,,578.0627401351829,33,129.9819275839231,294,92,3,Female,South,0
45,54337.52965861727,738.599548860529,37,72.67775261062444,155,38,3,Female,South,1
64,86829.50209866342,589.367760624985,29,109.88946979615258,157,33,2,Female,East,1
50,40433.900236230256,717.8620040368716,28,161.17652403821305,36,42,5,Male,North,0
22,42035.04567497274,679.903605331018,27,151.86807708282967,118,61,5,Male,South,0
65,40652.89210362853,604.7640883109337,37,120.60731770161732,66,46,3,Male,South,0
36,41667.843212596184,774.2717624826658,40,81.00773696308633,241,86,4,Male,East,0
21,40439.19309040223,566.4454217770464,36,145.82350848696774,298,89,1,Male,South,0
52,67835.24796661327,714.3407921527001,35,120.775249507921,212,61,4,Male,South,1
66,71307.56371984782,720.0407622630084,36,27.187376070783074,307,18,4,Male,North,1
34,254852.4782908424,603.0565853646349,26,151.30519305266074,100,70,4,Female,West,1
61,37514.66640343657,747.472571004503,35,119.03068664521231,55,82,5,Female,South,0
45,57071.23334579606,632.4967439780733,37,168.09804991932288,331,116,1,Male,East,1
47,41716.65433578543,670.20855404959,33,76.18917924628781,323,80,4,Female,North,0
46,59493.97726633266,668.2225287139854,27,-7.068152527840027,238,15,3,Male,East,1
63,53043.845312769496,640.5983880970616,31,131.1633543338074,230,48,5,Male,North,0
23,27263.838275041522,706.7565791211847,33,131.66254706727892,361,72,3,Male,North,0
52,73212.57801995092,705.5442104386549,29,,91,13,3,Female,South,1
58,76938.16509643283,527.6027618733274,35,80.86001816533575,278,119,4,Male,South,1
54,40808.16964273421,741.3038170014706,33,230.20870974879608,108,43,3,Male,South,1
41,44184.47660096024,533.6255608375028,32,107.77557543384786,316,60,1,Male,West,1
46,54287.98086087358,722.278234303916,25,149.23835905504865,167,57,3,Male,West,1
66,55016.851849805375,728.8693595779308,23,93.97360690526466,299,71,4,Female,East,0
63,59878.164090092454,573.6323498849362,37,36.38788404587373,217,17,3,Male,South,1
48,80153.06808149524,,34,113.18967012816378,221,50,5,Female,West,1
52,47345.79158758926,572.6006732059845,30,109.37581758855579,160,32,5,Female,South,0
50,38025.541331923196,634.9555278797885,27,104.00487045326514,15,22,5,Male,West,1
69,29310.21157978209,628.4376001069982,26,115.4143665797443,277,55,2,Male,West,0
38,39036.04940087121,704.5762372588538,32,130.57073086582545,56,115,5,Female,North,1
49,49503.095406893044,741.7216122283726,31,113.99532194984774,61,57,5,Female,South,1
40,76918.36795276681,747.6978667552969,26,69.43975328210544,362,13,2,Female,South,0
50,42235.830514457426,610.6482381395189,45,139.44739166247757,326,47,5,Female,West,1
20,53356.819274583475,635.354468837883,38,42.02512978710307,241,87,4,Male,South,1
35,49753.65655890872,,31,37.98570170863199,89,62,5,Female,West,1
42,67825.89910172127,593.5890953452667,20,149.56721978806272,71,54,5,Female,South,1
59,87903.98638810433,717.539614316822,32,140.28081088541427,325,29,2,Female,North,0
48,42036.96840619519,763.0907976483762,39,117.70418539703856,29,22,4,Female,South,0
20,42658.40836222667,563.5955789684054,23,64.18205980979712,358,65,3,Male,North,1
57,65662.41315603608,608.5275018592974,26,91.68356237303698,287,29,1,Male,East,1
63,60228.37234439467,648.1515970128751,35,109.49013009253984,85,48,4,Male,South,0
41,77700.6098860405,669.6112811173725,26,56.164241257035464,233,5,3,Female,South,0
67,58758.92277988946,593.3277536054848,26,90.43885367907069,234,35,4,Female,South,1
49,44610.61863819411,679.6842731124863,33,146.09321352706718,312,119,3,Male,North,0
64,58859.82246038464,,31,177.09221457156866,364,74,3,Male,South,0
39,66630.55370874362,,34,103.22260989365797,264,83,4,Female,South,0
40,62307.23271796046,688.239897360259,33,,286,101,2,Male,West,0
19,57609.11046660947,650.4495588867657,27,43.43759717650131,326,71,4,Female,East,1
44,66000.1203438373,,39,146.37804964454446,268,46,4,Female,North,0
59,67539.4338566851,642.3273137251919,22,87.84206341090075,185,35,3,Female,West,1
19,70732.38486556291,643.8145928556265,34,132.2938246683188,130,45,1,Female,North,1
43,59730.64831384464,624.099227908251,22,110.08990327041163,290,13,3,Female,West,0
34,47493.22879524718,631.8842756133029,34,172.81656039135336,276,10,5,Female,East,1
57,52200.705296499844,761.9053019353302,26,85.02257406640328,319,66,4,Male,West,1
50,68097.63449762535,689.2643613558868,31,,350,70,4,Male,North,0
26,37745.964935191456,629.3163777379588,43,108.81970146813866,179,72,2,Male,South,0
60,55530.099633093516,,30,113.66778087961345,289,100,3,Female,South,0
65,44099.91781508959,626.6326357170793,31,112.64584427363161,162,25,2,Male,East,1
56,50431.17234402226,732.1187246310649,32,86.17307582023548,270,44,4,Female,North,1
46,69176.77793910948,675.8749534538666,25,119.43604136373314,95,60,3,Female,North,1
59,52866.48602029855,642.488849919704,27,117.49407111512714,261,47,3,Female,North,1
43,50696.54822234223,681.3401848067194,29,129.64960993626917,364,40,5,Female,East,0
52,29602.15788530121,540.038669355205,31,123.3802058277145,352,7,5,Male,South,1
67,61193.80349040831,571.1262771763136,27,151.91978198448945,287,46,1,Male,West,0
42,59682.26271711613,566.4252495520661,28,156.94034464189474,82,23,5,Male,East,0
41,82448.8208495819,660.0060166334595,33,77.97506712688795,224,83,3,Female,West,0
30,45383.32647570499,771.2760499639564,23,,222,46,5,Male,South,0
24,53287.254914959085,806.1910102334842,23,72.54654291560583,117,86,1,Male,East,1
53,53740.75525566133,694.663577100853,33,143.5142355255094,191,13,4,Male,South,0
62,73661.79919645212,685.059113246112,30,144.78955138811475,78,21,5,Female,West,1
37,48570.567014195716,523.9259586093083,32,43.54732433349983,77,1,3,Male,North,0
18,54185.32288655509,612.0128340186185,29,,146,19,4,Female,North,0
25,59118.44764574809,594.8551373664233,37,101.26015546558737,106,60,3,Male,West,0
63,52799.13684734537,606.5406681224218,22,89.649389682585,270,33,4,Female,North,1
33,43303.49578174208,638.2299326990648,31,174.03409322796023,243,4,3,Male,West,0
31,,616.9536595612011,21,93.85283437450325,72,106,5,Male,East,0
29,66104.47624789659,511.44901327369485,22,,356,3,5,Male,East,0
68,254852.4782908424,702.3537179282274,31,123.02779760020374,353,91,1,Female,East,0
40,51994.54511220314,574.9079881982135,32,147.42358985193664,25,52,4,Male,North,1
32,39498.1877759124,666.7472804877805,33,114.33405655959493,209,105,1,Male,South,1
45,67925.69943387264,,27,166.6548218267701,91,99,2,Female,North,0
51,27152.19642824338,585.6430785889504,38,141.23902647856363,124,28,5,Female,North,0
19,41616.17229092617,472.8798734077569,31,32.87154721074279,72,70,4,Female,South,1
49,55658.17812596781,629.9797044683922,28,98.82132145971967,122,70,1,Female,South,1
40,73482.86043851511,727.0671744499,29,97.52631602593203,308,55,1,Male,South,1
39,49013.746083905186,787.0843217954416,33,,183,57,2,Male,South,0
68,41672.00709960202,563.9315283883308,28,15.007317745035522,186,108,1,Female,North,1
42,78217.35604160884,684.7689456265565,19,221.96038834870888,197,87,3,Male,West,0
39,28279.79149375634,617.4282680253963,33,141.2410437957684,77,97,5,Female,East,1
39,17017.910650698774,642.5836151987105,33,125.95507215670764,347,16,1,Male,West,1
66,,835.1040342911924,34,167.26270865676585,185,24,1,Female,North,0
69,254852.4782908424,544.7920770123393,29,213.74616211250498,343,69,2,Male,South,1
59,34681.5077430393,667.7617763046202,26,154.82986578353612,252,41,3,Female,East,0
23,60625.3467094903,682.7385220235803,28,157.9525238588648,12,106,1,Female,East,1
32,53657.010706567984,726.0050427457543,27,125.2276009785753,298,77,5,Male,West,0
60,41538.820538949076,656.8588207429627,24,114.33896986532207,75,47,5,Male,North,1
54,30795.434019936583,671.5635377652872,28,100.96818223980395,50,76,1,Male,North,1
50,63086.859924202174,622.5846002804747,29,86.95552033141831,274,69,3,Female,North,0
25,59753.017669379915,668.8388858871575,33,92.51943601202011,148,101,5,Male,East,0
61,48512.36204330926,625.9765407151813,32,65.97776142628067,218,31,5,Female,West,0
61,77699.554940715,693.5100322899235,23,116.96514197259907,121,92,3,Male,East,0
22,33948.72850510771,624.1272764769457,32,52.61329691094453,210,92,3,Male,East,1
56,27117.122436128917,,28,127.63666096574843,279,30,1,Female,South,1
21,39621.378951781335,647.9516030420515,23,118.54677567830633,25,18,4,Female,West,1
23,49316.209754667536,,24,125.8774119354675,172,44,2,Male,South,1
62,53650.091739840376,646.402439348806,25,99.1147371992003,155,27,4,Female,North,1
49,46381.459132155054,525.8877272255183,31,243.07441480722014,237,99,4,Female,East,1
69,55280.83094771445,738.3345050499794,37,174.4046360072125,81,26,5,Male,West,0
47,31226.90863714334,586.5987389396166,27,70.21829999661108,355,103,3,Female,North,1
64,71656.46906109889,604.2363562945826,31,129.31472349707593,272,113,5,Male,West,1
52,48767.732324111465,608.3037094169556,31,95.67975428250705,67,115,2,Male,East,0
57,66759.43747382192,746.2106665219573,28,79.42081093170344,43,60,1,Female,West,1
69,55140.88019566556,500.5028050214913,23,66.39711715504261,60,18,2,Male,North,1
33,56851.29828730676,869.6423973561996,29,137.28866763037016,122,97,5,Female,South,1
30,58546.50920348306,723.9239766346236,21,92.74479059721705,348,89,5,Male,East,0
67,56715.628400259724,665.6267239890411,34,158.71304096100818,195,56,5,Female,South,0
59,59640.84139801316,646.1574199568599,36,159.75128858121755,329,31,5,Female,East,1
47,69937.28795198648,669.988785240036,30,174.95657540845798,322,101,4,Female,North,0
36,52947.817545522055,686.4785699865537,23,85.90452935703586,110,59,1,Female,East,1
34,,695.165091016504,47,139.01462442768042,257,2,4,Female,South,1
36,48653.964585691596,688.8923126202413,34,145.29816866569203,88,97,5,Male,East,1
45,71601.75823174209,656.2706476878674,28,101.0328729958414,197,39,3,Male,North,0
43,39854.115469110955,636.1863105784872,31,89.129121704285,281,61,4,Female,East,1
54,77014.10649366223,639.4108701442542,33,184.38082663103893,199,107,5,Male,South,1
43,49397.63074033485,636.3564203753124,21,129.09983502928216,98,107,5,Female,North,1
40,28538.373468229278,729.3639067806945,26,145.43871002846953,26,63,1,Female,South,1
26,51921.56622366184,691.5489705596603,29,87.11695952688291,88,96,2,Male,East,1
29,39784.22513787678,444.17279557350037,28,71.22862133911225,145,18,4,Male,West,0
18,62609.65323483086,695.9130543570833,28,97.22200902031558,181,17,4,Female,South,1
18,40210.640310464136,663.6315336303143,29,115.03914450440011,256,98,4,Female,East,0
64,43307.248501778304,648.6903870487872,31,77.43119972730605,188,39,5,Female,West,1
51,21656.889035817036,622.803708283778,35,119.60620765398468,239,71,1,Female,West,0
49,43215.405211263846,728.687890399021,36,52.459792477259995,358,106,5,Female,North,1
65,13641.81010056565,716.3268523486,35,75.1981031012051,195,54,5,Female,West,1
42,26241.45764771415,595.8985632523473,29,146.836449931075,296,117,3,Male,South,0
57,61406.21984216446,678.4936600987174,31,144.15162081111578,164,99,1,Female,South,0
62,61787.00237976248,581.98402858211,25,104.32492938452535,306,94,4,Female,West,1
18,56381.86342677447,553.4267284647749,31,79.28942763692189,270,76,2,Male,East,0
33,254852.4782908424,,19,78.90385793895956,7,35,4,Female,South,0
56,49284.3296578703,710.3675430667931,35,105.06927016234744,37,11,5,Female,South,1
22,49945.96191364148,716.7187531763261,25,145.78073966581167,113,61,1,Male,North,1
39,32624.529662111858,685.9159794068105,20,157.129827653773,338,44,1,Female,East,1
46,72550.97452650726,700.7567050793598,24,100.13873058072124,55,68,1,Male,West,1
20,63160.43435863507,686.132480098047,25,73.86030296060865,358,25,3,Female,East,1
29,46685.53739255504,605.0962883343933,18,130.71374551465334,137,48,4,Male,North,0
43,50403.28758491796,680.2345781271758,30,87.05860117496601,101,32,3,Male,North,1
33,53125.74211921329,706.0286667659377,28,99.2698944455519,333,84,2,Male,East,0
68,19373.97697363564,702.8003930869502,23,173.0110436174815,176,114,5,Female,North,1
54,46292.339262191046,733.223936003225,19,153.08461714263072,168,95,3,Female,North,1
39,254852.4782908424,699.5812693040745,31,126.31897249005807,338,4,3,Male,North,0
46,34975.69985157627,674.6013745279108,37,69.12323995549109,285,118,5,Male,East,1
31,45783.495606710676,724.9105166821499,44,128.45586269882637,260,38,1,Female,North,0
45,76965.29790274284,648.1435118525658,21,162.50629163150106,222,117,5,Female,West,0
22,59612.64291900515,588.2687744140597,24,104.97465336937857,198,63,4,Female,West,0
64,41432.31515325805,638.5853125239365,32,174.0445635994686,210,47,5,Female,South,1
66,58588.74172034238,597.8568148635486,26,171.70981158072829,286,1,1,Female,West,1
47,70990.33154879004,602.7375207517933,24,186.54931328573895,179,3,5,Male,South,1
63,63869.50524369153,639.8836930499137,22,132.20972506125412,249,101,3,Female,East,1
69,50894.45554880261,594.5306055300027,26,143.4956679922405,230,86,2,Male,North,1
22,40295.94833441639,628.4426929252672,42,176.56749153324358,22,62,3,Female,West,1
29,60473.34970420385,517.446973313235,28,137.89575748275902,47,64,2,Male,South,0
33,55902.28078132625,664.9305595161057,20,99.95063568839149,108,17,5,Male,East,1
43,63427.89830041598,650.0843832753557,33,102.05828653888554,295,78,4,Female,South,1
43,59527.57702522954,592.8037958252266,28,129.54219815094956,5,105,5,Male,North,1
65,65743.29072979002,696.1471967902684,29,68.37754312215125,37,62,1,Male,West,1
38,41971.47182659148,715.6299096338591,27,114.26964338543229,168,35,5,Male,East,0
56,69760.91098451489,537.4708094941718,32,163.86188472921015,355,13,2,Male,South,0
53,52963.994070386,596.609265500365,27,32.34984595338875,282,35,3,Female,East,0
50,81128.91308937898,596.1600355148892,25,,202,43,4,Male,South,0
47,39662.18272865648,584.2067829223795,24,,324,2,5,Female,South,0
54,76039.45704747873,708.0632389352224,33,101.60941536678095,312,56,5,Male,North,1
40,52968.66175193972,636.4321702859038,30,141.73563311487237,272,111,3,Female,North,0
27,40228.72994578327,631.4839611082573,20,,243,77,4,Female,South,0
22,42741.71248918518,509.72963449152724,27,169.19961473754734,326,51,5,Female,West,1
53,45194.7903770852,694.4792621146458,37,159.30732571079764,46,54,5,Male,East,1
51,56362.48919602875,563.2519123602569,25,63.997171072679635,248,16,2,Female,East,0
69,57842.5323205325,654.195284118643,24,143.49049653856707,78,18,2,Female,North,1
48,41394.49994092131,669.4163856570734,27,111.7748858542701,109,7,1,Male,West,1
27,49634.68111608526,745.2461017087055,29,123.31330282072399,12,45,3,Female,South,0
36,82134.05537917795,558.3825720616621,37,90.87312396120737,364,36,4,Male,North,1
49,75913.14755151067,,33,189.92548276483342,89,41,5,Male,South,0
18,56544.85504511048,662.8694681327586,29,161.60247279610303,341,94,5,Female,South,0
22,50570.05217252301,776.0357827057597,28,90.40915344108132,347,42,1,Male,North,1
62,51800.46990077392,736.7262447057606,33,66.6155757235907,279,105,5,Male,West,0
21,59202.769590956246,664.6761590692238,23,104.57309476088608,220,7,3,Male,East,0
33,34658.111522023915,615.5854670057566,25,137.38010584365225,72,15,1,Female,North,1
41,,706.4985817646117,33,129.60823375784892,233,60,3,Male,West,1
33,24971.238891836158,581.8517660206871,29,170.12531299072975,259,40,1,Male,South,1
19,,683.3450438549354,31,151.59678888723408,112,83,5,Male,North,1
66,59707.939095541115,685.3829111416638,24,158.78276103011626,45,107,1,Female,East,0
45,42752.20306550939,724.2146935249216,31,133.0742160244175,273,37,2,Male,East,1
49,73609.80144935049,843.1762027237754,25,64.4280507915604,42,66,4,Female,South,1
44,31613.515054964882,677.4691177025137,35,112.17205875412394,207,106,5,Male,North,0
37,28034.376796852695,614.3725462004751,26,,348,112,4,Female,East,0
41,53366.77727839958,648.2097981465604,31,117.93908285901416,102,55,5,Female,North,0
29,65706.47453918232,526.1646866577618,34,140.12361474494986,123,77,4,Female,East,0
67,75258.91537186803,601.3700808237659,30,107.25006739015467,9,104,2,Male,South,1
52,43116.7360569659,621.3502293320827,26,78.8075260583262,328,105,4,Male,South,1
50,66180.21250146943,613.3138121445785,32,115.06623743815558,186,107,1,Male,North,0
50,49422.372957489395,660.6648410423605,26,132.36189772130615,30,107,4,Female,West,0
68,47410.59050088771,,30,,155,119,5,Male,West,0
60,63254.89906230009,728.472146712713,34,110.57155020573326,59,95,3,Male,South,0
54,59784.84317620129,650.0144945442738,31,82.4214703205607,248,80,4,Female,East,1
29,26354.11764523626,649.348977520297,24,164.76979670256384,269,106,4,Male,West,0
20,72148.10524588844,,21,108.22176969647865,216,56,4,Male,South,1
18,70701.37031221177,660.8633478701286,31,178.11022180504733,1,44,5,Female,East,0
50,40616.55947735706,707.7568785267345,30,181.14991402163633,23,57,4,Female,East,1
57,55937.05300156114,589.300884900237,24,116.75816141113025,205,6,5,Male,West,1
27,57410.45279424108,603.9318457647321,37,79.66205069810601,319,92,5,Female,South,1
60,53910.10648735861,628.7391779856334,38,36.56408489066651,198,32,3,Male,East,1
61,41745.422692318694,555.7890353568749,36,61.118517078928335,355,108,1,Male,East,0
46,39925.64948092923,592.6519498194951,31,65.0466070040536,113,74,5,Male,North,1
30,49616.688935128324,616.6645388518739,26,175.13878509846018,279,114,2,Male,North,0
29,67590.93528889047,711.207242649891,26,124.63298348907784,154,18,4,Male,West,1
48,58154.002318916486,668.3792930301347,31,135.5841809636795,164,68,2,Female,North,1
63,44440.78501870841,663.5512937957282,29,31.18315964259496,221,73,4,Female,South,0
19,61575.48065972517,709.5628573517581,21,72.08134283130954,90,7,3,Male,West,0
68,7271.8606905488705,640.3839748120422,24,155.48319105785149,166,114,5,Female,West,1
67,67231.48550558156,677.3325394950223,25,131.47096449530346,206,8,1,Female,North,1
52,23904.293318328506,642.7744772947252,28,114.11178885257611,281,64,5,Male,East,0
40,44563.38587895302,668.575364457974,33,142.59369434400492,64,107,4,Female,South,1
34,33204.95158060784,609.2068939671892,40,,3,7,1,Female,South,0
43,30579.777864186413,479.28279892064995,29,111.15830145851798,156,41,5,Male,South,0
25,67412.4018106778,640.6004586469587,33,122.77479210632278,248,40,1,Male,West,0
46,42984.48198032163,749.5923695269958,34,127.7038767492522,256,3,4,Male,South,1
43,55197.55822596073,714.8350781569114,37,215.6843854109597,234,17,3,Male,East,1
27,254852.4782908424,717.577823921382,26,36.02574942323898,305,66,3,Male,East,0
43,57155.612408346824,736.5291505264353,23,147.32892059155233,73,79,5,Male,North,0
51,51152.32836590383,656.2060313673006,30,115.40791004963745,186,110,2,Male,South,0
68,30755.116637171457,663.8120995183917,25,142.67086904736718,61,93,4,Female,West,0
58,64944.002291707104,606.7643673195955,34,93.70509784021102,336,114,5,Male,North,1
24,42593.65125258031,627.8749000781065,28,118.041398765662,163,112,5,Female,East,0
21,26651.271520103735,693.10398048398,40,,55,52,3,Female,South,1
67,,734.2719106018171,35,244.51640804175364,110,22,1,Male,East,0
62,,640.2387607023301,28,152.32144757608285,217,4,4,Female,North,1
28,62753.32613170239,618.4867514604011,33,86.07737607877965,239,116,1,Female,East,1
46,44770.21798388211,650.0369571199618,31,103.04961271909187,20,6,4,Female,South,1
53,44761.13443522357,692.084472425038,30,101.86343566464583,140,38,2,Male,South,1
42,45175.47423173926,548.9301628706521,29,48.1742730947994,264,26,3,Female,North,1
38,81151.21975341262,489.26733328039336,34,106.79639233194251,138,11,2,Female,South,0
53,55729.0317834733,611.4624205355891,28,149.31316327286982,69,90,5,Male,East,0
27,56450.624707866045,564.5501301860089,25,69.03071523692819,117,17,3,Female,East,1
54,254852.4782908424,614.4301861646883,39,161.9393060420237,197,88,5,Female,West,0
26,53581.8373853977,639.655377682777,36,139.51099284337351,204,92,2,Female,West,0
41,46114.36781268945,618.2726113683891,43,90.63066712115848,213,99,4,Female,West,0
52,47054.75226372533,751.6727274129522,27,114.3388145064861,55,31,5,Female,East,0
66,48925.98110878904,672.8721335221624,30,183.93287230564133,286,77,1,Male,East,0
52,49441.66645235238,671.033205172758,26,149.34191254023463,292,118,4,Female,North,0
65,60914.4431545547,693.5545000830382,27,120.35134619592591,174,35,4,Male,West,0
53,50779.18828710949,570.2816817553462,23,110.49266732156063,346,16,2,Female,East,1
35,60989.60115823369,722.7378251194189,42,123.06436281806639,127,79,2,Male,North,0
66,48789.251298371266,644.6964999425178,27,99.52945768230786,324,107,3,Male,East,0
56,51179.52785474136,696.9336432068849,32,35.81001977123941,291,18,3,Male,North,0
49,20026.989732018385,574.9699936871891,22,201.68711642138925,287,111,1,Female,West,1
41,63744.91512053722,541.2368863788755,27,,225,101,4,Female,West,1
40,55197.32713846989,707.252276061752,34,135.9258906049015,63,112,1,Female,West,0
49,64970.15164789478,676.3486668268262,42,117.68369000492365,47,62,1,Female,East,1
54,254852.4782908424,586.8563911949743,37,90.59532797101647,201,112,2,Female,East,1
29,81325.62057171091,589.1235843107714,33,112.56302076204918,336,113,1,Male,North,0
66,,728.7804349090338,33,56.02420951222755,59,105,1,Male,South,1
30,66622.74225106275,566.741167499287,37,211.0834599221322,256,27,5,Male,South,0
40,34401.411093117036,764.9871067279174,30,70.61952006310416,64,119,3,Female,West,1
42,59191.608575938546,586.9565485746492,28,78.72134864611283,238,35,3,Female,South,0
52,34198.76655239516,694.6874347925868,36,102.38963182454398,288,116,4,Male,West,1
58,40643.465589562926,626.9967066975711,24,171.5230289940951,37,45,3,Female,North,0
47,78710.4703080018,692.223120175764,30,120.58035997050617,24,118,4,Female,South,0
34,47139.7639885498,611.9120198520066,29,70.5545681587815,58,35,5,Male,South,1
66,53261.49309769584,638.6044965749394,36,170.17353443029359,356,28,3,Male,West,0
37,63051.015960331315,652.8643422777005,22,149.24002507141927,296,103,5,Female,North,0
65,57435.22831958907,,33,141.5373982886581,157,102,3,Female,South,1
42,52256.28357715365,701.8577041794088,28,148.62936964683362,56,9,3,Male,South,0
39,55474.41503699338,614.0750503469891,34,215.77447602329804,47,76,5,Female,South,0
30,86051.23377857413,633.9980059261987,28,207.4037958014445,327,15,1,Male,North,1
36,49135.71804449622,580.3955437774041,33,92.53138627986819,55,21,1,Male,North,0
66,53016.485700724515,470.63664388432824,26,184.95539971244608,64,52,1,Male,South,1
53,65759.81594011417,636.6280566179881,41,135.326727590356,267,35,1,Female,West,0
29,66582.88899436976,,35,139.96383264550997,68,106,3,Male,West,1
58,67805.4545834057,704.9223001528617,23,52.30916673426685,215,97,2,Male,South,1
36,59580.95333043777,648.6517734185924,28,113.18456938447216,88,51,5,Female,North,0
29,32854.92630904275,631.5976419554213,27,87.4870563865374,280,83,2,Male,South,1
26,74501.47298451644,651.5726124968432,29,153.12235259573237,256,55,2,Female,North,0
24,32804.81910471968,,30,162.84322001611218,159,87,4,Female,South,0
45,,567.3431029283809,26,37.020545959347544,233,77,1,Female,North,1
31,38685.86224970963,728.002518626821,33,119.11860543982918,130,44,3,Male,East,0
48,49037.92480110511,700.0766920808871,29,164.87446019177008,48,65,1,Male,West,0
69,54931.436154552204,700.2730007995555,35,112.5328415074622,146,115,1,Female,East,1
36,54820.35823175409,680.6933017166809,36,149.16254580009456,315,93,2,Female,West,0
64,,651.3731660385793,29,134.04661870508338,1,88,4,Female,North,0
33,74205.6690358797,697.1002865176774,26,133.66640927810505,328,80,1,Male,East,1
22,56803.014522709695,691.4269893618964,30,109.1474008772681,144,25,5,Female,West,0
52,46337.65047064027,625.2171502341283,29,71.33676783457162,60,119,5,Female,South,0
29,64461.307524325355,609.8478758972169,27,75.1387941029989,272,87,1,Female,North,1
42,67842.05733386961,657.129940668339,25,148.37410057821268,48,92,2,Male,North,0
69,31585.88277294511,758.4314106046631,25,120.77833022075532,331,47,2,Female,South,0
38,58961.00104774787,563.2625047042269,39,114.459510215711,130,80,3,Male,South,1
53,60517.591134663475,547.2732313973293,34,103.0443983071059,42,107,4,Male,West,0
40,45536.54744960012,661.5332588865562,22,,56,56,2,Female,North,0
33,70635.6021996743,653.5621391299213,29,161.87647177952556,49,38,3,Female,West,1
56,47749.1661945121,,30,106.59023672527893,177,11,5,Female,South,1
62,51883.64680207313,667.076723853595,28,66.35741146793725,292,67,5,Male,North,0
59,47403.922635741954,634.3758421755637,34,149.74607102160692,45,15,5,Male,South,0
56,50233.685713722014,754.2904407021457,25,111.80493344541131,169,1,1,Male,West,1
31,33555.87369657197,537.936721506644,24,121.25583462131105,270,7,4,Female,West,0
48,28399.236761085584,592.0052082653827,28,184.30313225598042,335,1,3,Male,West,0
22,73917.57594837458,642.7721667895667,27,119.17757770597972,138,49,4,Female,North,0
52,,534.9767832192083,33,131.56734692474902,246,96,1,Female,South,1
40,35129.114758155396,637.690191689755,34,72.84306034806698,147,73,3,Female,South,0
46,17699.148295944276,766.3029116009612,37,111.21322190596159,229,29,3,Male,West,0
60,40415.57378465746,651.4620541807174,33,144.38104180834404,279,26,2,Male,West,1
28,30153.653098887524,666.1490634003078,25,57.78505064635031,124,87,4,Male,West,1
35,74630.22740204554,561.7884664379194,27,128.03380372462837,191,45,4,Female,West,1
64,65147.25634013952,606.8547014372366,25,124.03164290579225,79,107,2,Male,East,0
29,39677.74482233414,623.7362533773244,20,121.65149822349757,93,93,5,Male,East,0
26,83786.53708016463,627.7599432270636,31,,225,116,1,Female,East,1
27,64726.48230487391,739.7150656502638,29,133.37754059394086,64,102,4,Female,West,0
61,45127.529247370665,689.0383742507587,30,179.12287593425776,87,97,2,Male,West,0
34,12508.914276896401,572.1979430144078,19,80.25641937623855,87,71,3,Female,South,0
55,84364.13858886113,667.2553344902403,27,125.43698268873392,200,12,2,Male,North,0
24,29156.41299854606,684.875522394775,24,123.3786714555979,213,95,5,Female,South,1
63,25319.01879564662,,22,77.2298202497968,203,32,1,Female,East,1
30,65338.5564801446,760.6378480597862,22,158.25180008365385,88,118,5,Male,South,0
57,86596.28609508909,578.9434065720492,39,212.98693223411271,60,20,3,Female,West,1
59,70764.09227765776,593.2399742152763,36,119.31975702064676,270,119,3,Female,East,0
26,,561.9695498759769,26,140.2008435309507,93,51,3,Female,East,0
67,58921.315124979286,633.6186098625113,24,,306,81,3,Male,North,1
44,62801.23338170462,682.6450862112434,38,91.45661320371296,26,36,2,Female,North,1
19,61383.92884680148,719.1134161612372,26,,213,67,3,Female,East,0
22,54217.87135954064,644.6834283450235,28,,73,1,3,Male,East,0
46,51563.01655927814,627.6106733721609,31,64.32166476193075,60,114,2,Male,South,0
54,49061.103081507164,660.6230594574118,33,188.16408312236473,185,27,3,Female,East,0
55,38690.531166999855,591.5399968858984,27,115.39561224307043,30,117,5,Female,West,1
36,45789.87384699839,796.2677105186342,35,106.16322683811318,218,111,5,Female,South,1
25,24605.647787069218,537.4637281017359,32,155.56615299151224,11,40,4,Male,West,0
65,48524.90559807875,662.9318405227007,31,75.12995588576447,301,97,5,Female,West,0
62,35171.133392736236,791.6524353460748,28,89.3254384798179,31,84,1,Male,West,1
18,33446.160241763435,650.4759891191999,16,122.72289076994484,159,14,1,Male,East,0
39,52698.41226730218,636.6972675498954,27,161.15075965693921,236,100,1,Female,North,1
69,70880.034295169,624.9788204032701,24,140.06740180675152,226,69,2,Female,North,0
34,63774.7490900347,637.3725822766314,42,129.93300570063528,180,87,5,Male,West,1
24,26442.490945652346,746.0993932273572,35,,316,109,1,Female,East,0
42,35155.57795144494,495.1696662069345,35,136.00943422107102,45,79,4,Female,South,0
62,64111.567819823234,757.3403590907428,32,128.06611620517018,340,6,2,Male,West,0
21,35262.68909692536,550.3229993284898,39,78.80110900892257,79,33,4,Female,South,1
53,46630.50275004463,631.334336953591,32,121.84316886532605,134,55,5,Male,South,1
23,58250.78148536828,619.9528905790937,20,77.0524536432899,259,19,3,Female,East,0
48,35474.83317704547,691.1987288839504,27,123.24330171603295,307,77,4,Male,East,0
36,51580.6325921894,538.1312953681377,28,100.77408234047034,246,29,3,Male,North,0
61,29989.617576226934,682.352086625736,32,221.57526491131446,158,61,2,Female,North,0
56,40979.48534073179,791.7016736300797,28,118.40422464993152,202,70,4,Male,East,1
44,54796.72901213806,554.5778196785033,24,63.83041734953645,111,79,4,Male,West,1
27,26105.09399702496,663.2794317327277,27,114.63279157292301,291,80,2,Female,North,1
43,56607.121069405985,603.6612475542373,32,140.77434982551551,309,24,2,Female,South,0
36,49705.433016099785,679.8121044335126,28,186.93455784610094,118,23,1,Female,West,0
56,58287.34931625721,651.3403444191026,25,96.42190400245127,16,112,5,Male,South,1
20,53358.712010969924,605.0959163668983,35,56.702881039054404,330,10,4,Male,East,0
62,70462.10644960766,684.1510599409752,27,152.67348045723924,226,54,4,Male,South,1
30,51878.36753971861,776.3043676850721,27,64.77605176401396,360,105,2,Female,West,1
67,43558.91688312121,636.6367345790891,32,102.5537823397006,116,41,2,Male,East,1
45,51834.46254548425,700.3830559503727,28,109.69518057956024,42,49,5,Male,West,1
37,58149.470435545816,559.4708929490185,23,117.21466186799567,114,17,2,Female,South,0
45,50732.901054885566,583.0494536227394,22,147.5665782829734,282,113,3,Male,West,1
25,50608.87536805824,683.0684394516264,40,92.6546287085445,36,56,3,Female,East,0
58,39470.12468289867,753.8881219975176,45,109.05082991332958,301,108,3,Female,South,1
56,40056.48623673578,674.8929344149961,34,119.42918588202446,112,45,3,Female,South,1
18,28960.920923004596,628.0859378633792,38,125.98391830075153,34,30,5,Male,North,1
20,76243.65114780409,649.9503983796347,30,123.9130869883169,131,44,4,Male,North,1
30,31342.051469130725,562.4714586221198,27,137.4402310089032,335,110,3,Male,West,0
45,39606.42203306139,692.3160728448756,34,153.7535803856695,335,74,2,Female,North,0
66,39223.89101646204,711.7633143626387,42,135.70536462603872,227,55,3,Female,North,0
42,63423.86565416662,618.3536767016843,32,138.14342094036874,146,19,5,Female,North,0
50,45575.75482561958,617.0970496568349,18,56.71107333014089,121,29,2,Male,North,1
55,68716.131090106,668.6114760756434,29,122.00910796662721,80,2,3,Male,East,0
23,39897.640636341974,619.4296184771583,29,139.18030192006435,172,36,4,Male,East,0
61,54184.91243335703,645.3707169761924,44,149.157647782818,153,19,2,Male,North,1
62,37469.794201103636,796.9805252416561,30,92.30596903064823,149,7,2,Male,West,0
49,82177.23691660083,632.7082009477803,39,93.6384290044542,57,26,4,Female,East,0
62,32186.02371455731,624.9161893585144,34,97.03597298865607,62,79,2,Male,North,0
64,54647.31065340541,604.6720736055388,27,141.45655599565373,155,111,3,Female,East,0
38,59506.65321398148,702.0934380049956,37,161.35524219696833,355,38,2,Female,South,1
33,56206.986461772474,637.3143078747328,32,103.70159570833593,321,3,3,Male,East,1
38,47220.68511683438,604.5438873175002,35,156.31849254508197,167,102,4,Female,East,0
28,48052.689503998605,742.4912822591109,28,124.93919236658377,165,80,1,Male,West,1
54,50657.17207968664,749.3722103159546,28,115.02856891350255,84,66,4,Male,East,0
53,47794.96997557267,607.9703503982906,29,111.54463080728124,136,95,3,Female,West,0
52,,519.3422034047569,28,149.86445458408627,188,92,5,Male,South,0
36,83157.84502387026,720.5259582885845,24,133.0231126714828,1,71,4,Male,North,1
37,41637.623224882496,602.0759121967997,31,211.03301710590551,105,94,5,Female,West,1
35,29452.955306313834,705.3437919413938,26,85.91101428010703,363,43,5,Female,East,1
64,48675.76927473118,512.0927327601715,30,140.72406808119902,71,62,3,Female,East,1
58,88695.64006481477,712.4818136809516,43,98.83195960753949,125,71,3,Female,West,1
66,37944.88148045404,,30,85.22852052045425,169,100,1,Female,South,1
31,74586.75208166102,701.1534883346567,30,119.56531451860111,204,93,2,Female,North,0
32,75165.51221114662,650.9991147485504,26,125.49409917628144,312,24,4,Male,East,1
48,,,22,236.7269422024037,336,116,3,Male,South,0
18,58534.74618777913,621.5074580951253,33,,194,39,4,Male,North,0
20,74425.94934692807,698.0422919869691,31,,157,68,5,Female,North,1
33,44313.08388518769,657.4126117180664,34,,140,93,2,Male,East,0
40,,690.9089086330739,34,37.01439849814527,274,44,1,Female,West,0
28,41274.786290770346,,27,116.32172869582936,6,5,4,Male,East,0
29,34778.649039607,540.5030871802264,22,120.64101129180642,53,55,2,Female,East,1
27,40260.83682400989,,36,151.78401531780847,103,93,1,Male,East,1
49,31640.895998566153,657.304915626625,28,158.94488997711386,341,30,4,Female,South,0
33,50511.25202388839,587.085116617381,37,99.8572152436913,337,29,2,Female,West,1
25,38450.40153412038,556.8780461982707,37,113.97543941480268,60,26,3,Female,South,0
55,53506.788676861215,636.7615726456077,24,89.35516677557317,86,83,4,Female,East,1
29,26661.56530694559,714.5155078347121,24,74.87749780769224,257,26,2,Male,West,0
41,54963.20348321686,641.0715615735726,30,132.39579117522538,177,37,1,Male,North,0
45,62502.93442413387,755.7808451173144,24,69.05657805613603,241,91,2,Female,West,1
25,20093.96536142817,548.4177016963908,31,103.41492397712548,202,94,3,Female,East,1
45,55610.848547713584,,33,,30,115,4,Female,West,1
53,68415.03488709938,562.3324588910816,40,141.98732745161038,288,53,4,Male,North,1
43,31855.38471963192,675.4542317837478,26,192.05720397065951,79,30,4,Female,North,1
25,75088.58580256555,712.082117306811,34,67.93648068786675,10,3,3,Female,West,0
67,56285.285140490676,620.5466744423263,27,45.87926068409723,253,43,1,Male,North,0
45,39424.82216362387,467.7050300361006,31,115.0045245859973,286,7,4,Female,South,0
45,49163.46383513441,663.9263702757546,24,120.62791183831034,175,49,1,Female,West,1
54,58374.903687825834,680.5716986213457,34,128.74637227029191,125,73,2,Male,North,1
58,51140.080871186176,678.3006328473189,24,102.1471793906262,46,117,1,Female,North,0
53,58081.33988669554,736.5047534275508,32,111.97442804698272,205,41,1,Female,West,0
44,36189.89610380951,575.0262424245666,30,134.70041642162408,106,106,4,Male,South,0
34,52540.41236054117,697.6151273815315,27,161.61723570579355,274,77,5,Female,West,0
26,28794.282546425296,733.4755258734582,25,41.79804918726869,336,79,5,Male,North,1
50,254852.4782908424,525.4988691195438,24,105.24242243874151,122,54,3,Female,West,0
37,36441.38537802815,672.3756278143284,29,128.55235175764253,133,69,3,Female,North,1
30,38967.050861153504,614.707411829463,29,83.28095581557056,106,93,5,Female,East,0
45,68541.39762815656,644.2934128828848,31,189.246785270692,304,99,2,Female,West,1
65,66369.65180891403,674.3373538476835,40,94.58360479085052,328,91,4,Female,West,1
46,59137.071813607654,615.8940005120513,30,118.34829251970869,49,27,4,Male,North,1
30,33615.308529911315,602.7004344586871,34,142.24088387369164,336,8,2,Female,North,1
63,45253.87325457797,652.3906692241617,30,96.34860844792422,94,32,2,Female,North,0
52,68196.46549968775,573.8927842796038,39,46.13707808782331,267,84,5,Male,North,0
23,52125.753704598574,573.992240978037,31,102.85381892333866,22,64,3,Male,West,0
35,84789.94309972541,697.5561298069553,30,161.1776222370816,53,10,2,Female,North,1
68,55899.76759091558,,32,106.52419492859445,253,13,3,Male,West,0
22,52880.73674735047,696.6418750636449,30,86.14262794164085,234,63,1,Female,South,0
64,45363.25303696248,682.3813904997766,20,157.02688838010886,58,93,4,Male,West,0
42,52003.11357173423,529.1935289846582,36,106.7690041590779,163,35,5,Male,North,1
19,,602.5704743365042,24,99.59356745399131,258,61,4,Female,North,1
27,,733.5876582133161,35,125.97824358653239,313,54,5,Male,South,1
47,64350.53475191876,581.3184128202223,31,150.8300083847515,215,8,1,Female,West,0
67,38210.158092380756,617.4917016383429,15,215.26854126930183,182,29,4,Male,South,0
62,30031.50569663333,682.3442625276327,36,153.0894443062969,56,95,1,Male,West,0
22,22456.919403450553,704.8373356497817,17,166.39359865553376,144,41,5,Male,North,1
50,57619.86990368816,,36,99.76135204048579,89,30,2,Female,West,0
18,33449.50090739189,608.1742863715851,29,78.96527576122095,310,86,4,Female,North,1
35,17706.64110571276,749.5658903188955,29,122.49325398476492,44,21,1,Male,North,1
49,,771.7229764658305,31,124.28679661038385,256,76,4,Female,East,1
64,87394.99276149186,718.5200635547257,27,76.8594903454161,20,11,4,Female,East,1
66,49908.9363269016,655.9722699795517,28,112.98821880383949,20,2,4,Female,West,0
28,62577.36161677463,593.4213994851351,32,135.97270406876524,51,50,3,Male,North,0
38,,591.8688915410404,26,134.4157358007232,337,41,1,Female,South,1
43,48516.65520213286,686.575987368603,29,140.1715141353709,170,66,1,Male,North,0
42,63786.14724481653,679.2878754622078,34,131.6385892054977,66,98,4,Male,South,1
39,45645.88183717023,748.1119015062501,27,99.71965362919777,112,3,2,Male,West,0
44,54010.88471107854,695.5315064775298,19,99.44397493404628,299,80,4,Male,West,0
66,54825.467092940205,544.7843788768128,39,72.04194408024496,159,51,3,Male,South,1
30,39978.64319535427,,31,191.3910015674038,265,68,5,Female,South,1
50,64880.635243047844,580.1357560879911,27,120.53801458477172,319,87,3,Female,North,1
51,47375.60364956887,623.1220109633354,31,111.00587776820592,231,114,2,Male,West,1
58,38663.82260760733,667.5140144376186,22,82.84831674190164,324,84,4,Female,North,0
52,58047.64765355605,789.6967242848775,45,237.42631609311113,67,25,1,Female,South,1
18,36522.98027313444,867.6942989203752,32,77.06687871108417,27,30,4,Female,East,0
38,50422.717360536924,692.4706141395328,31,102.84608297575707,115,82,2,Female,East,1
65,49863.21505033695,637.1762366895729,31,136.63347345144243,50,106,1,Female,East,0
23,66288.43348747367,687.4153953936385,28,144.00851862977112,180,11,3,Female,South,1
45,57120.47349319929,712.1358798111685,32,158.31728220862738,259,93,5,Female,North,0
34,49624.595618822845,627.5532662109965,32,192.30434031077053,78,17,5,Male,West,0
22,,775.6647949138626,27,140.2463062184285,272,26,4,Male,South,0
48,70853.1132352597,666.1049531433981,39,77.7587680013333,107,23,3,Male,East,1
22,58367.154595277934,684.8420162363976,33,109.72219499512875,73,56,2,Female,North,1
55,50155.28929765071,,24,132.3132949005554,174,52,5,Female,West,1
20,30322.456514747606,679.5110627430118,30,202.72904166023295,183,48,3,Male,West,1
40,,708.7258350328729,32,64.08778086302812,22,20,4,Female,South,0
54,45421.629434679984,606.7922769417154,27,168.1030602090091,273,109,1,Female,South,0
54,40857.31696761075,610.9188772237778,25,127.19657478185667,128,2,4,Male,West,0
27,47195.43045521831,572.9892036919814,25,153.51322140917924,290,88,4,Male,West,1
27,50849.74887345661,680.7650861434158,29,115.92021133456272,319,31,3,Male,East,0
36,57945.391315350964,704.525555245848,29,86.30269479494694,185,27,5,Female,West,0
34,48942.518329113635,682.044100630632,38,150.03491117605327,58,2,3,Female,South,1
38,57297.52465739303,767.2144703343276,31,146.17724108422485,0,78,1,Female,North,1
31,50967.1162221518,649.6082786819668,28,158.88227862958888,130,4,3,Male,East,0
26,20368.00150469193,696.8119158914759,33,119.4678145848546,66,113,2,Male,East,1
63,35909.96909271869,573.580938670248,41,96.00711906720602,292,13,4,Female,West,1
18,47838.686664175766,622.9030208267919,27,57.64852019904634,284,100,5,Male,North,1
68,31854.578857383385,698.6876430296044,25,152.77493072557627,88,35,1,Male,East,1
62,58998.93094994307,709.4371477520201,34,136.95557929775944,99,108,4,Female,South,0
30,72961.26248515546,629.4223136635072,28,81.36869468544162,188,118,3,Male,West,0
21,68281.42777545974,644.9880523699353,32,98.45705306813502,345,119,2,Male,South,0
18,46798.35693604688,543.7488377323433,35,101.32964752194238,240,72,3,Male,West,0
66,72360.89205274929,625.0079559435374,37,60.680622720703276,269,66,4,Female,East,0
57,254852.4782908424,712.326821446385,42,87.29270413579465,218,6,1,Female,West,1
49,44943.71043322941,690.2643511274597,27,74.64678572774584,175,31,5,Male,North,0
51,40798.960046885906,685.0466004966847,28,103.50083952448253,340,118,4,Female,South,0
45,45462.95470267808,653.4841581026672,29,90.4521000668175,232,10,1,Female,North,1
48,44177.34772188157,650.4944211039724,25,54.91980316533005,150,108,4,Female,South,1
25,52556.243335632316,603.7775202368587,27,200.90360922277927,276,21,2,Male,South,1
56,,698.9179894141774,24,170.10162924116923,228,106,3,Female,West,0
43,50045.69030230122,679.4681061072573,28,88.83922313920058,170,74,5,Male,East,1
51,56554.072546195246,684.441319359496,31,130.8968558661444,222,23,1,Male,East,1
20,67859.69412179512,613.1775610132694,23,136.6986035928518,212,3,5,Female,North,1
67,64243.312031619855,499.26599560901286,33,167.64343419093908,281,32,5,Male,West,0
29,254852.4782908424,726.8006898227587,33,87.25579893359685,40,20,5,Female,East,1
18,,616.4813780794117,30,163.68427135929704,121,74,1,Female,South,1
61,254852.4782908424,589.6056965169815,33,98.08378783172259,226,29,1,Male,South,0
22,29496.819523768685,698.5435238339795,30,66.56550383325546,293,105,5,Male,West,1
47,46628.518971609745,622.5591152056609,34,148.9654623725799,87,52,3,Female,North,0
47,32448.304609109608,724.1955468832635,29,171.63033696489714,266,115,4,Female,West,0
34,22970.293436299704,693.1904164703689,28,223.5163589412274,28,46,5,Female,North,1
65,58121.94092307182,697.8498526240335,33,72.01098939639147,246,34,2,Female,West,0
64,61387.327404539705,554.3831002159626,37,147.95678740323154,315,101,5,Male,South,1
40,41352.34398909921,734.836078977048,20,,243,84,1,Male,West,1
32,,668.28753718637,29,,60,61,4,Male,East,1
54,41806.33327621276,624.1506002527658,25,61.18041795074998,146,72,2,Female,East,1
38,55877.060081038195,,31,69.48920897205744,173,71,4,Male,West,0
31,27816.32646838807,525.6635336971176,26,88.96500707334064,277,70,4,Male,North,1
19,52750.39879668733,678.605696803647,37,123.15856182672339,333,11,2,Male,North,1
28,49770.35226240507,577.943994427255,24,94.35674933846579,141,108,5,Male,South,1
68,58689.37249401632,555.3130799909526,27,146.36217375653678,43,82,5,Female,South,0
56,51793.705526212296,543.4348569647476,29,161.07578473031657,143,115,5,Male,North,0
55,35403.96588677667,,24,,352,106,3,Male,West,1
51,67948.57252496737,605.9515624415048,41,184.75150558643472,332,93,5,Male,South,0
55,47622.05640459545,757.3609396941549,29,136.6330651782137,54,89,2,Male,North,0
67,49590.43190735102,612.4938975863391,21,71.32413158639332,306,63,3,Female,North,1
51,36000.98061390206,530.4849429684937,26,174.5350605415336,357,21,5,Female,West,1
35,43350.766232127346,571.8432892035938,16,95.7937505757601,160,110,3,Male,East,1
47,36727.95928959649,736.5068134004857,35,156.4167399874228,284,3,2,Female,North,1
32,47405.809101148654,639.0871275444333,29,182.94936866220425,324,82,5,Female,South,1
44,75675.62720213515,611.619889245658,29,138.26752042921598,197,88,1,Female,West,0
68,29421.482856029656,661.2012758096952,35,60.15364747341401,158,111,2,Female,West,1
51,25796.579031848883,685.1247915317282,29,83.27151333960833,79,102,4,Male,West,1
69,72067.55491240413,728.2179171131722,30,172.90977867540542,30,10,4,Female,East,1
55,46860.14484272201,751.3949460925048,27,113.23509257428735,111,27,2,Female,East,1
50,39963.908920101254,624.816194794764,30,123.18294139768663,45,12,4,Male,South,1
41,65598.57031094114,557.1766619742573,23,150.35297664654436,352,7,2,Male,South,0
32,40915.766903947035,621.0574387213707,26,147.85291448321294,204,17,1,Male,West,1
47,77390.14570320403,668.219635460802,21,131.15199249541843,51,65,2,Male,South,0
59,60168.88807008904,582.5368751652572,29,111.65326515118137,137,64,5,Female,North,1
68,42681.32887781446,582.999435957347,26,107.4932621707057,73,114,5,Male,East,1
34,82359.62319898256,674.065151708492,21,154.31595301165373,40,26,3,Female,West,1
22,40914.27615494993,646.5943353900684,27,142.14278124271172,76,15,4,Female,West,0
46,61131.430580139604,652.295789678811,39,109.70799997528842,186,115,4,Male,North,1
21,54489.38870609738,596.9053265709952,21,163.28449251972563,51,33,2,Male,North,1
27,69526.11934098197,633.8719500055963,44,114.83863539480865,86,62,4,Female,North,1
34,73422.66795090279,585.3036799012186,29,85.93351302662427,108,101,5,Female,North,1
27,50480.0622359865,712.3138887787351,26,89.6411720438662,224,47,1,Male,West,1
34,38698.73194480725,722.4674534306627,30,80.85036654760935,247,95,2,Male,East,1
37,56899.582144086744,520.7668496433334,37,109.10359933585251,68,35,4,Male,East,1
41,39834.26945371841,,32,169.34897113344772,119,65,5,Female,North,0
22,80200.80871289935,545.2429521436944,31,87.79619275877965,66,72,3,Female,South,1
51,52048.02996624106,604.4983245915171,32,127.53903044072412,60,76,4,Male,West,1
23,44520.17673031837,644.1593421146747,35,93.73242617490348,326,118,1,Female,East,1
19,52770.204587973625,548.5248346211029,28,109.5876383491425,190,83,1,Male,North,0
30,29793.10565705455,,29,59.598351520589915,188,25,4,Female,South,0
60,,579.7229839542952,30,111.1784708337385,150,57,4,Female,South,1
60,68006.20861916638,664.5087130579261,31,112.25178480780151,285,32,5,Male,North,0
65,40146.58581542906,654.8541035925375,36,,95,63,4,Male,West,1
28,34296.3352597709,599.4783712663923,25,128.93123653021482,311,12,3,Male,East,1
68,58049.79128790929,662.3774610497578,26,72.06431500191819,308,63,5,Female,South,0
64,67785.56231994496,611.7323940788914,32,163.36792976174172,262,77,2,Female,East,1
40,60784.299659976,630.9841422771763,29,,96,92,3,Male,East,0
33,64940.715287087245,767.1416463208976,31,127.93574068709947,112,1,5,Female,South,0
48,38648.073671458085,743.8322736253243,23,119.63270586459444,124,51,5,Male,North,0
28,28672.839998872343,559.0293134150681,37,99.28970211111121,131,70,1,Female,South,1
33,72520.0047793323,708.0812692515423,34,128.71209358994903,120,8,5,Male,South,1
25,45159.802417367966,706.7977588144114,21,139.0235374371433,196,68,3,Female,West,1
21,46237.50475317429,569.6215697873167,28,50.1241723461778,293,5,4,Female,East,1
57,69922.91212773586,707.3144350628403,43,98.44956650615617,121,89,3,Female,North,1
21,58343.4501410099,,27,109.80212118385643,281,86,2,Female,East,1
42,56838.31658122411,571.4218635628911,45,130.24682422777113,259,92,5,Male,South,1
20,82475.03517351625,585.7748025290016,27,167.73244023708503,38,39,5,Female,North,0
49,40347.22654429785,721.2363026790451,33,89.1303674161287,53,23,5,Male,North,1
20,63917.60192121856,669.0046717577953,34,100.08152612728632,160,68,5,Male,North,1
44,50855.19687345627,688.6033392667666,18,99.49863557413799,288,52,1,Male,North,1
46,54028.88418294885,673.8412451480348,28,87.93889639581835,199,4,1,Male,West,0
49,72927.02639618798,677.34871446497,30,106.1125401955095,275,47,4,Female,North,0
67,57617.53634434436,557.1469510182242,24,150.83208879951886,15,21,5,Male,South,0
68,58074.441185744494,723.3122394635013,29,77.84658018542618,172,101,2,Female,West,1
36,66087.61005964704,731.8712994699441,33,137.11257580611613,247,56,4,Female,South,0
38,44525.70905685672,633.942647915238,32,51.92391079926658,217,105,5,Female,South,0
22,37411.85498991491,646.9566135130297,33,97.54648014231176,86,66,1,Female,East,1
35,34327.862089684495,542.8224748210995,31,106.82042799128055,81,59,2,Male,North,1
45,20504.65115935997,685.9978329212485,25,186.99438691656258,61,7,4,Female,North,1
59,80843.10694910484,690.0440209199901,29,109.00790780989249,286,49,2,Male,South,0
39,33451.87451417475,645.6466288100482,20,31.95026106196326,41,16,5,Female,North,1
38,46681.19564621342,728.7047351909351,27,40.04444372555001,11,17,3,Female,West,1
23,45847.80050166619,626.6145938314041,31,121.36118345386724,320,84,2,Male,East,1
18,54611.10046713651,689.522414812552,26,144.55083423159635,233,87,2,Female,North,1
22,62236.05818808945,578.6234962915519,25,135.01823430509012,328,98,1,Female,North,1
58,62907.10232539618,648.3513494388034,33,126.70280423203961,130,75,5,Female,West,1
29,41253.83842146592,637.7952019468015,28,166.49038390022667,114,34,2,Female,East,0
43,47493.174293203825,665.7715545428659,35,98.41635117051473,217,33,5,Female,West,1
63,54238.69925732449,624.1331149816649,20,155.796422241073,136,26,1,Male,South,0
51,46269.633107246795,640.7969183029833,26,54.7194045989433,105,66,5,Female,South,0
66,74110.18364029989,707.8233020009054,36,83.80208668247735,178,63,1,Female,North,1
31,57364.62427457377,,33,47.71834420272735,15,87,1,Male,East,0
43,61023.16679074726,537.5396029482924,19,109.00618797320831,241,41,4,Female,South,0
62,59943.21903001119,772.4708732943794,27,118.1495513093463,333,86,5,Male,West,0
44,67602.10786227987,746.7017855083341,35,124.5640596890608,225,58,3,Female,South,1
26,52715.3233805556,559.5416113426068,36,122.47533411548541,241,98,4,Female,South,0
43,30547.5207806623,698.2795463671636,29,82.89786676753087,140,79,1,Male,West,0
64,55995.31927628962,614.791766061406,25,112.39036622347137,198,10,3,Female,North,0
39,40229.64659312257,668.4441050731741,23,60.102133255770056,111,15,2,Female,East,0
64,,670.5956890309445,31,174.52915900529,126,42,2,Male,North,1
47,58795.4602813264,633.5914539778574,30,,20,93,4,Male,West,1
60,68574.24607150453,595.1364034089522,31,100.44455523825235,146,57,3,Female,South,0
65,50319.073651040926,601.6621263378619,31,183.55761313776333,88,87,5,Male,East,1
34,54632.49518898446,585.866565916313,30,70.31013865803084,302,17,3,Female,North,1
43,75533.22416952858,591.7724454238688,25,74.97651543872124,202,60,4,Male,West,0
53,53611.297692328524,645.2975196965451,27,76.1511870052574,84,9,5,Female,South,1
18,89025.24671270592,599.8968007622474,30,117.28514473202073,166,114,5,Male,South,1
25,58482.64468447316,697.7436445998834,26,137.2652651855039,71,36,2,Male,North,0
66,23588.558612662735,754.1072308735149,37,149.58701872471335,297,73,3,Male,West,0
52,61300.12431656799,609.396273104097,22,222.87981269979875,8,80,5,Male,South,1
69,55717.37577324166,666.7583150374765,35,30.022701831969442,280,36,4,Male,South,1
32,69346.29131124119,684.9779577212054,22,144.3494235649767,257,48,2,Male,East,1
64,60097.72026904937,683.0401589643492,36,97.71477709711075,274,51,5,Male,South,1
39,47923.16024024339,655.3168687541261,32,96.54339404444906,237,97,3,Male,North,0
31,31635.526455659514,701.9877692851805,30,95.2091148698449,19,119,2,Male,West,0
43,46864.65114070962,683.757426687646,32,83.64921316768107,232,95,3,Female,West,0
45,37242.1931868605,563.3636304370891,29,187.38099338413807,220,70,3,Male,East,0
40,41292.14825292916,710.8409245072492,31,153.6918930805561,325,74,3,Female,West,0
31,58828.67606630914,712.110358608672,33,120.927839142295,16,80,2,Male,North,1
41,75048.56756527109,596.5699727074993,24,174.04063009948,88,68,5,Female,South,1
19,55920.07294734471,652.6556484813322,30,,195,118,1,Female,East,0
62,32061.754069472234,697.8330294967749,22,66.77179474676295,349,22,5,Male,West,0
43,56669.040023302114,635.3480326294447,32,,83,77,2,Male,East,0
31,67949.47229968477,725.1084633436208,22,92.0234183950685,86,80,1,Female,East,1
68,40853.25643520927,815.4710746233552,26,126.46794106819011,306,116,1,Female,West,1
24,47989.742499906235,594.9809777155513,26,124.11434311729336,337,93,1,Male,East,1
20,50220.32292093796,553.3268777792357,41,125.97367644239522,153,6,4,Male,West,0
64,38226.5253037664,671.2673016923413,36,63.557726757356725,227,26,2,Male,North,0
40,,700.5093753588301,22,152.1261897045609,263,75,4,Female,West,0
63,48185.77777088327,633.8393538308662,26,129.5851007295599,222,88,1,Male,South,0
60,56292.98665860542,751.7282464324724,26,149.32217125863994,120,93,4,Male,West,0
64,36687.6173329685,556.2975940193726,40,44.28951289639792,172,3,4,Male,South,1
62,43438.125495148844,698.5043036122128,33,132.4596343519116,3,52,2,Male,East,0
35,60835.72036741657,607.5897425468775,49,72.48939040329893,341,74,3,Male,West,1
55,44407.502718623495,770.3564534345107,36,104.10706989794552,127,60,4,Female,South,1
