age,income,credit_score,city,gender,purchases,loan_amount,approved
41,16832.970364881723,646.4358517702516,Hyderabad,Female,2,,0
61,24958.920783179423,772.1033695525352,Bangalore,Female,2,109037.36934820101,0
29,26661.56530694559,742.165011192446,Bangalore,Male,3,140981.06362521273,0
40,76918.36795276681,789.5683810789956,Mumbai,Female,2,265765.28624260216,0
18,33446.160241763435,650.6799844559998,Delhi,Male,4,187481.80991014733,0
57,60504.64819113487,781.4914453584047,Delhi,Female,3,223926.85872168848,1
29,39677.74482233414,612.4803619676063,Bangalore,Female,4,178370.66425910642,0
62,58998.93094994307,734.9102110743144,Hyderabad,Female,2,252981.03857276958,0
44,36386.545069376036,463.346338292694,Mumbai,Female,3,226517.67170647162,0
33,55902.28078132625,671.3293707372939,Mumbai,Male,3,223005.11241338623,1
39,55474.41503699338,598.6786433528415,Mumbai,Female,5,232385.87270466145,0
48,,650.7063158628176,Delhi,Male,4,125351.51382503126,1
57,64074.25708963996,840.1190685753007,Delhi,Male,1,,0
26,,585.6450167682538,Bangalore,Female,4,323235.29918213387,0
30,38967.050861153504,599.5820168992328,Mumbai,Male,2,286817.7810929305,0
29,50727.82441917241,658.8406886291847,Delhi,Male,4,164981.01420765402,1
64,41432.31515325805,633.6933036056237,Bangalore,Male,4,196696.6910572271,1
24,35361.90120534001,584.5924316872577,Bangalore,Male,1,140046.72104344214,0
24,50208.939378694195,666.8460976269614,Mumbai,Male,4,191348.88076868665,1
65,71140.2116027837,,Mumbai,Female,3,286910.456896467,1
25,38450.40153412038,516.968637426101,Bangalore,Female,3,-12146.245043595904,0
45,45462.95470267808,654.977368718096,Bangalore,Male,5,222204.20107948253,1
63,53043.845312769496,636.5691258529453,Mumbai,Female,1,265579.17738064757,0
68,30755.116637171457,669.7315707405595,Bangalore,Male,1,293124.812206875,0
34,47139.7639885498,595.5885997885807,Hyderabad,Female,4,,0
68,55899.76759091558,535.1205964841344,Bangalore,Female,4,,0
23,45847.80050166619,616.592276902006,Mumbai,Female,6,162108.3633879047,1
69,42159.154692214404,685.0630099273559,Hyderabad,Female,5,96841.553023225,1
38,,497.4343685429905,Bangalore,Female,5,267401.11171640037,0
30,29793.10565705455,557.8140186874687,Hyderabad,Female,1,134031.03921879825,0
18,52254.52642192817,669.0499679779066,Mumbai,Male,1,389232.6217599979,0
23,58250.78148536828,607.0755579701338,Bangalore,Female,6,204244.7450346095,1
47,41716.65433578543,678.8693629279857,Mumbai,Male,0,365137.61078819283,0
41,72846.86115904486,804.2109952567876,Delhi,Female,2,511101.1433719041,0
41,47144.91982874588,770.8366230593142,Hyderabad,Male,3,97152.71993951779,1
52,229759.37985299714,711.9154261005198,Hyderabad,Female,6,279781.24541270983,1
32,43596.7839507887,752.9960817581161,Mumbai,Male,6,300427.982423078,1
45,54337.52965861727,776.5707840864701,Hyderabad,Male,1,123630.55184399518,0
39,49013.746083905186,845.8347454220594,Bangalore,Female,5,165138.84024235047,1
43,38669.256014700164,700.1094169939845,Hyderabad,Male,8,125072.63950050862,0
42,53332.00657450569,,Hyderabad,Female,1,,0
54,6556.1693270946635,559.7948445642489,Hyderabad,Female,3,57785.52301038391,0
29,59310.08146326017,580.7579020126144,Mumbai,Female,2,156016.85122895733,0
42,52256.28357715365,724.0824345420126,Bangalore,Male,3,175274.70106093917,1
47,45909.146453784946,692.8307097207648,Mumbai,Female,2,170454.49838734488,0
43,43511.627182705684,569.6821049319656,Delhi,Female,4,279677.89430771564,0
49,44610.61863819411,692.406104446409,Mumbai,Female,5,109428.06874271946,1
29,26354.11764523626,649.0699678861386,Bangalore,Male,5,271849.38592978776,0
49,72927.02639618798,689.0695920928144,Mumbai,Female,1,228427.05564721095,0
66,59707.939095541115,700.5470159166626,Delhi,Male,2,,0
69,33784.151893876064,671.3196628237689,Bangalore,Female,0,241655.1597138135,0
29,66582.88899436976,891.2615421612916,Delhi,Male,3,,1
51,33159.16967656552,595.1275092259039,Bangalore,Male,3,74560.9387551786,0
22,33948.72850510771,613.0389663956366,Bangalore,Female,4,234970.14237848413,0
28,41274.786290770346,847.6440584515485,Mumbai,Female,4,202741.74513601777,1
63,25319.01879564662,764.0149038521266,Delhi,Male,4,,0
45,42752.20306550939,756.0209907498879,Hyderabad,Male,2,270317.1178456521,0
34,54632.49518898446,558.3808084518757,Mumbai,Male,4,126761.8376727766,0
44,62801.23338170462,696.6358374446335,Bangalore,Male,3,33540.75796872174,1
66,53261.49309769584,633.7207093927706,Mumbai,Female,2,202574.8069629472,0
59,61354.829249680275,631.710355889516,Mumbai,Male,4,298181.90576650103,1
45,39424.82216362387,389.5786143372866,Delhi,Male,6,131640.52298095566,0
64,70181.30069232467,583.1855914461006,Bangalore,Female,0,264563.71332853497,0
38,51227.440378213476,566.9555593443434,Delhi,Male,3,259795.59771416447,0
39,34937.88849871898,745.3136633913246,Hyderabad,Female,3,211783.84003112672,0
20,71800.7671567655,694.1940649569409,Mumbai,Female,2,295773.4421798283,0
43,39854.115469110955,630.2661579692674,Mumbai,Male,3,287583.880178186,0
28,30153.653098887524,673.0700905718684,Mumbai,Male,2,,0
31,49008.80302029025,682.3167714184782,Bangalore,Female,7,81473.53827589056,1
40,51994.54511220314,542.7256974260193,Delhi,Female,4,130566.20297990771,0
41,42835.13829852325,,Delhi,Female,5,127468.11638765657,0
52,68196.46549968775,541.2754061137198,Bangalore,Male,4,309968.90140612435,0
67,64243.312031619855,434.6657080128756,Delhi,Male,4,255916.24573739368,0
46,39925.64948092923,568.0742140278502,Bangalore,Female,3,59657.211774200085,0
50,48331.60907976949,472.1412415993483,Delhi,Female,3,351830.98341269646,0
46,45966.669641677545,669.4384301577336,Hyderabad,Female,2,,0
54,59784.84317620129,650.0207064918197,Bangalore,Female,5,52918.51013823436,1
34,73422.66795090279,557.5766855731696,Bangalore,Female,3,283782.112684757,0
50,51234.259839131366,628.8869761172306,Bangalore,Male,4,339566.7096060199,1
58,67805.4545834057,,Delhi,Male,3,69960.61838401339,1
37,48570.567014195716,469.8942265847261,Hyderabad,Male,3,86083.35102419145,0
67,,626.5980140893018,Delhi,Female,2,328449.58660520945,0
31,74586.75208166102,723.0764119066524,Delhi,Female,2,241291.52316691037,0
45,50732.901054885566,554.3563623181991,Mumbai,Male,7,250658.02480920748,0
25,42349.75401717879,549.0269295290062,Delhi,Female,2,230514.04940274736,0
55,50155.28929765071,716.5924252054461,Delhi,Female,3,201120.39738971044,1
21,59202.769590956246,670.9659415274626,Bangalore,Male,3,194617.80280691723,1
24,32804.81910471968,704.711911517521,Bangalore,Male,5,927830.1992326992,0
59,53816.31264951819,567.311964596014,Hyderabad,Male,2,,0
66,47226.46795335517,667.9581781939598,Hyderabad,Female,4,339275.3189277593,1
50,51234.259839131366,628.8869761172306,Bangalore,Male,4,339566.7096060199,1
52,57072.025357039936,506.1722021682633,Mumbai,Female,2,194005.87551052417,0
20,25085.58599726013,784.0450446023144,Delhi,Female,5,144388.0513538502,0
39,,549.3457434720359,Delhi,Female,3,254823.20677687743,0
21,47240.24995470981,758.5982116175032,Mumbai,Male,3,36038.838704933965,1
27,49634.68111608526,786.0658595838651,Delhi,Male,3,234588.2171360272,1
68,,725.4291329813574,Delhi,Female,1,482324.41500563873,0
30,66622.74225106275,531.0588107132672,Bangalore,Female,3,256596.6168691505,0
58,345366.6321245619,606.8379687281952,Hyderabad,Female,6,56553.888167008845,1
60,53910.10648735861,,Mumbai,Male,3,146523.60713174578,1
50,210785.4979635049,791.0932379746271,Bangalore,Female,3,728488.7983241795,1
50,64880.635243047844,550.1939372685587,Mumbai,Female,4,205201.9704951024,0
50,38025.541331923196,628.5078969711265,Hyderabad,Female,2,202681.97619108701,0
46,34975.69985157627,685.1448207541583,Hyderabad,Male,2,143395.8171764715,0
41,67389.94705046373,602.5096343377476,Mumbai,Female,6,105779.08336069137,1
68,7271.8606905488705,636.2628211600603,Hyderabad,Female,2,218567.57103428297,0
22,52665.51501399881,509.3682536328166,Hyderabad,Female,1,174778.69328669953,0
64,51489.98458143839,547.5813175670795,Mumbai,Male,1,,0
33,57513.75781436571,,Hyderabad,Male,1,97249.03711419886,0
69,31585.88277294511,804.9020151495188,Hyderabad,Male,1,125410.30054544103,0
69,57842.5323205325,655.9932630266328,Bangalore,Male,5,220589.84851338796,1
23,52125.753704598574,541.4174871114815,Mumbai,Male,4,228774.46781490569,0
44,54796.72901213806,513.6825995407189,Mumbai,Female,0,295300.8545305466,0
19,41616.17229092617,396.971247725367,Delhi,Female,2,80356.6770801437,0
45,50732.901054885566,554.3563623181991,Mumbai,Male,7,250658.02480920748,0
43,50835.87368433042,656.7855510527403,Mumbai,Male,2,201567.96932621027,0
55,38690.531166999855,,Bangalore,Female,1,258551.8455387505,0
60,68574.24607150453,571.6234334413604,Hyderabad,Female,2,511856.4923590314,0
33,43303.49578174208,633.185618141521,Mumbai,Male,3,199810.48670937534,1
45,49163.46383513441,,Mumbai,Female,3,167754.73055706223,1
61,54617.026533380886,701.3105798176083,Bangalore,Male,0,9725.467210133735,0
40,46946.29459846457,708.4412980472484,Hyderabad,Male,4,231647.9067810354,1
38,51227.440378213476,566.9555593443434,Delhi,Male,3,259795.59771416447,0
65,56887.70118842655,574.7843594409417,Bangalore,Female,5,125968.61938856351,0
43,50710.98006974621,490.52969327332045,Bangalore,Male,4,173901.30364469124,0
20,30322.456514747606,,Delhi,Male,4,245103.03000055318,0
24,26442.490945652346,787.284847467653,Hyderabad,Male,3,147848.91339748952,0
62,64111.567819823234,803.3433701296326,Delhi,Male,3,31633.376098773413,1
53,68415.03488709938,524.7606555586881,Hyderabad,Male,1,169160.54072701134,0
47,78710.4703080018,710.3187431082343,Hyderabad,Female,5,315493.62553329905,1
26,78151.937188371,554.6671391741288,Hyderabad,Female,2,,0
52,73212.57801995092,729.3488720552212,Mumbai,Female,1,223778.1777268069,0
19,28873.080554546606,760.9699841956224,Delhi,Female,7,233737.35464024777,0
65,48524.90559807875,668.4740578895725,Hyderabad,Male,2,364787.6001389922,0
34,48942.518329113635,695.7772866151886,Hyderabad,Female,4,183669.6184901827,1
66,74110.18364029989,732.6047171441506,Bangalore,Male,3,60975.63073228003,1
20,82475.03517351625,558.2497178985736,Bangalore,Male,5,44277.97709129087,0
46,43821.84550816299,686.7365506816178,Mumbai,Male,1,,0
58,51140.080871186176,690.4294754961697,Mumbai,Male,3,195418.3671342318,1
69,55280.83094771445,776.1921500713992,Mumbai,Female,3,139610.70427424632,1
30,72961.26248515546,620.6033052335818,Bangalore,Male,4,,1
33,,552.6453800295532,Hyderabad,Female,1,1073012.8980522214,0
59,34681.5077430393,675.3739661494574,Bangalore,Male,2,274247.24887928646,0
41,,604.6751590976986,Hyderabad,Female,3,198205.11584155413,1
35,,523.9835234827419,Mumbai,Female,5,,0
18,58534.74618777913,609.2963687073219,Mumbai,Female,2,157760.47825875093,0
20,40827.23295512078,668.9581616598743,Bangalore,Male,4,288498.5247087975,1
66,75446.84552435057,552.5470695329359,Hyderabad,Male,1,216268.75679990143,0
40,28538.373468229278,763.3770096867065,Bangalore,Female,1,94212.20522533637,0
66,71307.56371984782,750.0582318042979,Bangalore,Male,4,44674.57595038231,1
33,56206.986461772474,631.8775826781897,Delhi,Female,2,,0
62,49508.70094676002,437.81451009914053,Delhi,Male,3,,0
30,31342.051469130725,524.9592266030282,Mumbai,Female,3,121655.98157738918,0
53,47794.96997557267,,Hyderabad,Male,4,249992.28757232343,0
33,74205.6690358797,,Mumbai,Female,3,,1
18,,605.2678104341248,Mumbai,Female,2,172855.1050289473,0
47,31226.90863714334,559.4267699137381,Mumbai,Male,1,202571.45175716488,0
54,40857.31696761075,594.1698246053969,Delhi,Male,5,110837.41479935506,0
63,,739.5038314076115,Delhi,Male,2,176763.68670177687,0
68,30650.58650388419,856.2524919243144,Mumbai,Male,2,158670.86409919139,0
40,52968.66175193972,630.6173861227196,Bangalore,Male,5,97120.02347868051,1
46,72550.97452650726,722.5095786847997,Mumbai,Female,1,81898.99647985765,0
19,42693.11924352956,604.6771950672725,Bangalore,Male,4,306957.52588447684,1
25,,636.5720837813695,Mumbai,Male,2,,0
27,60621.630150328856,769.4109403047372,Mumbai,Female,0,258381.83496273565,0
32,43878.86940467673,621.8672442881787,Mumbai,Male,3,264729.0232585103,1
44,49258.044355213504,637.1462488561069,Hyderabad,Male,1,63151.731645078864,0
31,66412.87277706423,735.277367512222,Delhi,Male,2,135805.59681081306,0
46,,670.0569197230943,Mumbai,Female,1,,0
48,41394.49994092131,677.7376937958192,Delhi,Male,3,149532.2877642249,1
68,60664.39952305237,678.3287871546142,Delhi,Female,0,129599.04146473888,0
45,41826.21369786575,432.73304539859635,Bangalore,Male,4,101905.65137498533,0
62,,773.8946352939438,Delhi,Female,3,109514.62115979298,1
50,45575.75482561958,602.9957852240499,Mumbai,Male,2,284900.50068096945,0
54,30795.434019936583,680.8050539504102,Delhi,Male,4,149102.1029878456,0
45,39307.313259842536,779.6994546561109,Hyderabad,Female,2,198251.4602046301,0
42,61562.9779083045,766.4739354457172,Delhi,Female,0,127161.0637174783,0
31,38046.57116794285,696.8774256075023,Hyderabad,Female,3,128157.82189404333,0
19,37093.799520740715,701.3600106569717,Hyderabad,Male,1,92373.16100678069,0
26,43109.58650689634,667.6441555277225,Delhi,Female,3,181759.54185522257,1
34,38698.73194480725,753.5249334723752,Bangalore,Male,2,198754.95289037647,0
24,42593.65125258031,,Hyderabad,Male,3,201954.54721424275,1
39,32624.529662111858,701.3085420097293,Hyderabad,Female,4,134810.54808725248,0
51,67948.57252496737,587.0736606307212,Delhi,Female,7,,0
67,58758.92277988946,569.0396480078354,Mumbai,Male,7,278114.51017584547,0
49,64970.15164789478,,Bangalore,Female,3,262814.8065848301,1
41,65598.57031094114,517.3952313917962,Bangalore,Male,2,778486.301697238,0
65,64588.316744400945,669.4607455237243,Mumbai,Female,2,209942.85558806805,0
29,66104.47624789659,452.0700189624212,Delhi,Female,6,359362.9308767447,0
48,49475.17264254557,867.0942717497813,Hyderabad,Female,3,99719.51901025907,1
26,37745.964935191456,620.4519681970839,Hyderabad,Male,2,298456.2323987576,0
45,88401.26807403192,657.5433638901593,Bangalore,Female,2,269139.8707758909,0
68,58074.441185744494,754.7317706621449,Mumbai,Female,3,250826.3356172965,1
53,55729.0317834733,594.9463150508417,Hyderabad,Female,4,99667.12104035169,0
58,65477.66809202952,623.1469352094168,Delhi,Male,2,42936.86817288207,0
31,65982.20562598026,551.2820472848816,Hyderabad,Male,6,268786.68491739663,0
58,38663.82260760733,675.0200206251694,Mumbai,Female,2,132491.68980600807,0
37,36441.38537802815,681.9651825918977,Mumbai,Female,3,190894.99692689936,0
42,63786.14724481653,691.8398220888683,Hyderabad,Female,4,236012.45071573183,1
47,58444.538550358564,649.6625542589048,Delhi,Male,1,240341.65984307072,0
32,69346.29131124119,699.9685110302934,Delhi,Female,3,104650.02366470001,1
35,47196.92533757961,601.693894831656,Bangalore,Male,3,285803.34396582074,1
66,59090.14927018459,625.8742345381457,Delhi,Female,3,63866.7313370067,1
22,58367.154595277934,699.7743089091394,Mumbai,Male,4,167442.0506901303,1
61,44585.507512713804,708.6693801475275,Hyderabad,Male,5,182737.02989374244,1
39,,574.8208949904815,Mumbai,Male,2,211546.11773808295,0
18,11691.182976470678,602.1162543991596,Bangalore,Female,2,190587.6054718269,0
19,57609.11046660947,650.6422269810938,Delhi,Female,1,163688.68670774973,0
45,76965.29790274284,,Hyderabad,Male,1,142383.0383194568,0
66,39223.89101646204,738.233306232341,Bangalore,Male,3,305125.9985219684,0
41,38325.42911896531,,Bangalore,Female,0,235204.7943218516,0
41,78641.24960705196,594.8814283671467,Delhi,Female,3,134879.14645667555,0
31,,724.2682418359723,Bangalore,Female,5,253091.7077626273,0
67,38210.158092380756,603.5595737690612,Delhi,Female,3,203442.4778657025,0
54,,791.9603004513638,Delhi,Female,5,201846.45271603364,1
42,48559.10150413025,489.8034188102831,Delhi,Male,5,-16603.50843049417,0
21,55064.039931128034,627.3521108098473,Delhi,Female,5,79477.97935687078,1
18,62609.65323483086,715.5900776529761,Mumbai,Female,4,92005.94897109816,1
39,17017.910650698774,,Bangalore,Female,0,208726.63762798655,0
30,51878.36753971861,830.4348109786742,Hyderabad,Male,2,182398.55778722608,0
33,34658.111522023915,600.8363814367953,Hyderabad,Female,4,114027.11684537095,0
59,70764.09227765776,568.9142488789662,Hyderabad,Male,3,169249.0098725663,0
35,68836.34188360281,491.88092979678663,Bangalore,Male,3,316980.3683227783,0
28,51830.147219680424,724.2127491071892,Bangalore,Female,3,149580.0563996451,1
62,59491.72799159427,548.4178181021603,Mumbai,Male,2,129116.78024172982,0
56,49284.3296578703,736.2393472382759,Delhi,Male,5,184878.85618540208,1
26,83786.53708016463,,Bangalore,Female,4,,1
22,42741.71248918518,449.61376355932464,Hyderabad,Female,4,,0
47,,556.0096898891136,Delhi,Male,2,293070.084413084,0
33,30806.345498964478,633.117827680999,Delhi,Male,3,343733.2161340014,0
45,51834.46254548425,721.9757942148182,Bangalore,Female,2,208211.64228317316,0
23,42132.196005803395,559.6298139269871,Hyderabad,Male,4,178403.84825398686,0
54,77014.10649366223,634.8726716346488,Mumbai,Male,3,135520.66151524676,1
61,,705.7691060725125,Delhi,Male,1,,0
45,65094.39213821661,533.0083164289712,Bangalore,Male,2,240426.97181178787,0
37,48570.567014195716,469.8942265847261,Hyderabad,Male,3,86083.35102419145,0
64,71623.5293098685,604.2903743413729,Mumbai,Male,1,272138.2957712219,0
29,64461.307524325355,592.6398227103099,Mumbai,Male,3,297914.90753903124,0
54,29969.83461934848,641.6894427371305,Delhi,Female,2,221444.03420718026,0
39,39770.23628003302,720.8303847201064,Bangalore,Female,4,235986.1770981208,0
33,35495.3578530618,587.3282775410034,Delhi,Female,1,141683.25999734702,0
41,,738.3109777147159,Mumbai,Male,4,139072.9707971024,1
41,30848.77136269536,717.1340076450466,Bangalore,Male,2,237314.50299298536,0
69,46106.12972954593,642.0358608754285,Mumbai,Female,2,,0
63,44440.78501870841,669.3589911367544,Hyderabad,Female,4,,1
30,65338.5564801446,808.0540686568373,Delhi,Male,3,218897.89170113864,1
42,49246.42835826294,630.6340540720282,Delhi,Male,1,192135.21220364992,0
68,58689.37249401632,514.7329714156465,Bangalore,Female,3,200950.43476142336,0
49,50888.27651021732,,Hyderabad,Female,2,87770.70742337163,0
34,22970.293436299704,711.7005949576698,Bangalore,Female,4,141037.65110778424,0
36,51580.6325921894,490.18756481162524,Delhi,Female,4,161849.88314849316,0
41,53115.31530744667,661.5026079147417,Bangalore,Male,3,143767.08495683462,1
25,59753.017669379915,676.9126941245107,Mumbai,Female,1,349685.95858464914,0
43,56669.040023302114,629.0686180420638,Delhi,Male,2,159560.81956443912,0
68,64764.83597714876,646.6770009355539,Delhi,Female,3,434832.49651107745,1
34,82359.62319898256,684.3787881549886,Bangalore,Male,0,357353.35700066027,0
32,33784.05008600154,,Hyderabad,Male,1,317582.74070299964,0
28,68691.27788746444,626.1067900830305,Mumbai,Female,1,189359.7468855949,0
30,,,Bangalore,Female,3,186526.4230376895,0
18,28960.920923004596,618.6941969476845,Delhi,Female,4,10601.78773013773,0
18,84060.39286706594,656.1679849847972,Delhi,Male,2,173393.64961201,0
49,27452.855703228408,695.2371796249734,Delhi,Female,2,185800.64929805734,0
50,37040.138454802756,745.5305208570511,Bangalore,Male,1,,0
55,84364.13858886113,674.6504778432005,Mumbai,Female,1,247803.01647157827,0
54,40808.16964273421,780.4340242878152,Hyderabad,Female,1,30080.574549949146,0
39,36220.22080273703,673.3216131263501,Delhi,Male,3,129290.48838874165,0
23,49316.209754667536,762.6050250772169,Hyderabad,Female,4,402394.2199401562,1
44,57215.1384760507,607.3642403794456,Hyderabad,Male,5,-16267.843768588587,1
25,24605.647787069218,489.23389728819416,Delhi,Female,4,264056.15580364614,0
22,62266.494488004304,829.5211355912322,Hyderabad,Male,1,169778.80899820183,0
23,44520.17673031837,641.6562030209639,Bangalore,Male,1,209779.4403637653,0
63,54238.69925732449,613.0473071166641,Hyderabad,Female,2,224112.5655824894,0
56,24613.03055427771,698.4732817294475,Bangalore,Female,1,246314.2918856988,0
28,,,Mumbai,Male,0,72788.65354557616,0
26,60694.97645258582,768.7679388461563,Bangalore,Female,5,208283.05231593404,1
34,,631.9608318237592,Mumbai,Female,1,137649.97397919063,0
40,55197.32713846989,731.7889658025028,Delhi,Male,4,231901.10115398513,1
57,66759.43747382192,787.4438093170818,Hyderabad,Female,2,335483.77067309374,0
37,84483.47185428876,627.5144018191921,Hyderabad,Female,5,226669.58810087026,1
62,27821.206313302377,576.5408423201951,Mumbai,Female,8,180477.73182630926,0
68,,720.8214423256557,Hyderabad,Female,2,334519.39659344126,0
66,55016.851849805375,762.6705136827584,Bangalore,Female,1,222562.73753674742,0
66,56600.216750799984,914.4343347017035,Bangalore,Female,4,230877.60740551006,1
69,,615.0683203881803,Mumbai,Female,3,236577.04509540112,0
36,82134.05537917795,519.1179600880888,Bangalore,Female,5,142625.44794220227,0
18,70701.37031221177,665.5190683858979,Delhi,Female,4,256202.66511470845,1
53,,,Mumbai,Female,2,343878.4069710494,0
20,63917.60192121856,,Delhi,Female,3,323135.7760139926,1
21,35262.68909692536,507.6042847549855,Delhi,Female,1,211046.27267340376,0
36,51580.6325921894,490.18756481162524,Delhi,Female,4,161849.88314849316,0
57,40940.22219926269,772.6933223884307,Mumbai,Female,2,226877.45387524614,0
53,53740.75525566133,713.8051101440757,Mumbai,Female,0,133007.5419747607,0
44,33341.36231801257,771.7158520825496,Hyderabad,Male,6,151320.48770150385,0
42,45175.47423173926,505.61451838664584,Delhi,Female,1,177848.8515384957,0
46,54028.88418294885,684.0589216400497,Delhi,Male,1,299474.262248234,0
26,53581.8373853977,635.2219681182529,Delhi,Male,0,367287.54181859817,0
43,31855.38471963192,686.3631882624968,Mumbai,Male,4,34289.82565294742,0
48,41696.176374380084,554.6060580603355,Delhi,Female,4,151105.82783845384,0
30,45383.32647570499,823.2514999485091,Bangalore,Female,3,235333.00513488485,1
65,340091.0441622959,723.6843897092433,Mumbai,Male,5,103379.24859653182,1
52,49441.66645235238,680.0474359610828,Hyderabad,Male,4,276987.61354132555,1
62,72511.39685951466,636.0553724319001,Delhi,Male,2,324820.44236247445,0
36,57945.391315350964,727.8936503512114,Bangalore,Male,4,18030.31750350402,1
38,42240.673248494415,636.8743032907695,Mumbai,Male,4,245461.87017222273,1
20,42658.40836222667,526.5651128120078,Delhi,Female,1,204629.12379414053,0
59,87903.98638810433,,Bangalore,Male,2,296154.5335631635,0
51,46269.633107246795,636.8527404328332,Mumbai,Male,1,197073.59680985234,0
40,60784.299659976,622.8344889673947,Bangalore,Female,1,227119.48110475356,0
35,29452.955306313834,729.0625599162769,Bangalore,Male,3,185235.8846251244,0
25,57947.06266872924,,Bangalore,Male,4,89332.73784227116,1
18,56381.86342677447,512.0381835211069,Hyderabad,Female,1,196458.1344124281,0
68,31854.578857383385,719.5537757565778,Mumbai,Female,3,212851.99522824932,0
44,54010.88471107854,715.0450092536139,Mumbai,Female,3,342039.2679392039,1
50,39963.908920101254,614.0231354210914,Mumbai,Male,4,115623.64360272641,0
54,6556.1693270946635,559.7948445642489,Hyderabad,Female,3,57785.52301038391,0
29,65735.13838755334,698.9187130147664,Mumbai,Male,2,204675.958456452,0
51,51152.32836590383,658.8657590961437,Delhi,Male,2,352960.4375242158,0
55,73257.50739221115,535.6273792679339,Hyderabad,Male,1,264936.44572906126,0
41,63744.91512053722,494.6241233983936,Bangalore,Male,4,199591.469437822,0
20,50391.36575316251,766.187830260819,Delhi,Female,6,146445.04690932075,1
56,51179.52785474136,717.0480617241212,Delhi,Female,2,261522.53243538205,0
42,52003.11357173423,477.41932712094035,Bangalore,Male,3,225155.5672699882,0
21,46237.50475317429,535.1736711247381,Hyderabad,Female,6,122216.14042121322,0
28,37080.73698007604,668.4551303197037,Bangalore,Female,4,146827.912199835,0
67,56715.628400259724,672.3238914129159,Bangalore,Male,3,271880.93636412517,1
60,55530.099633093516,719.6954404510735,Delhi,Male,4,124083.77377850574,1
67,56285.285140490676,,Bangalore,Male,2,137996.4029587008,0
56,52772.54185542311,745.2874547202939,Mumbai,Male,5,322892.5418283956,1
25,44557.42159340512,584.999741917654,Bangalore,Male,2,575.1600483717339,0
65,60914.4431545547,712.2207144043402,Hyderabad,Male,0,275671.05252437113,0
18,40210.640310464136,669.4736194718774,Hyderabad,Male,2,163584.08761470727,0
53,53611.297692328524,,Bangalore,Female,2,159770.49970632355,0
50,40433.900236230256,746.9457200526737,Delhi,Female,3,159504.8751131731,1
25,,656.6990717224872,Delhi,Male,3,,0
32,11134.365617826348,676.1250531233856,Hyderabad,Female,5,345581.7429850078,0
44,67602.10786227987,,Hyderabad,Male,3,232956.23992494476,1
43,,693.192254467394,Delhi,Female,2,192259.19174504885,0
52,61300.12431656799,591.9946758629957,Delhi,Female,2,224490.76424822042,0
38,81151.21975341262,420.3819046862762,Delhi,Female,4,146262.33685935382,0
26,74501.47298451644,652.2465892812046,Mumbai,Male,3,290990.4878103131,1
51,23319.19626643582,,Bangalore,Female,4,102142.3815950456,0
59,41348.43004147501,641.7319314157301,Mumbai,Male,1,229164.91818843657,0
34,52540.41236054117,718.021610545045,Delhi,Female,3,140609.09036554123,1
59,62347.55875942872,554.4877420650647,Bangalore,Female,3,123923.72935244227,0
33,48947.51432812029,681.9174510419181,Delhi,Male,3,59564.96821514322,1
41,53366.77727839958,647.4425687808006,Delhi,Male,7,165629.2017177993,1
32,39498.1877759124,673.924686411115,Delhi,Female,1,244571.00947227856,0
63,48185.77777088327,,Hyderabad,Male,4,,1
52,29602.15788530121,492.91238479315007,Hyderabad,Male,6,,0
29,60473.34970420385,460.63853330462143,Delhi,Female,1,170623.68526306015,0
52,77186.72836995393,705.1485376040467,Mumbai,Male,2,256212.79987994448,0
54,78230.3674471255,,Delhi,Female,2,170510.45073714404,0
53,58081.33988669554,773.5782191822154,Delhi,Female,1,243845.35397657362,0
50,89485.73097256086,787.3658545162957,Bangalore,Male,0,345340.4503660083,0
52,23904.293318328506,639.6778247067504,Mumbai,Male,1,172628.1079098209,0
47,76562.00953453264,632.4114187567664,Hyderabad,Female,4,182803.6129536839,1
45,37242.1931868605,526.2337577672702,Hyderabad,Female,4,155577.56024757365,0
40,44563.38587895302,676.5362349399628,Bangalore,Male,1,,0
52,67835.24796661327,741.9154173610002,Mumbai,Male,4,229260.79888743325,1
40,62307.23271796046,704.62842480037,Mumbai,Female,4,192916.462833359,1
19,53165.26200803927,760.7080669286972,Hyderabad,Male,3,,1
34,12508.914276896401,538.8542043062968,Bangalore,Male,3,322884.89453676227,0
61,55916.78213567445,799.2688568959522,Bangalore,Male,4,144139.05209988862,1
44,50855.19687345627,705.1476275239523,Hyderabad,Female,3,125742.40261215858,1
20,42331.76485353222,758.0048065714649,Delhi,Female,1,222644.2529806923,0
22,73917.57594837458,639.6745239850952,Mumbai,Female,1,98276.11832861729,0
36,66087.61005964704,,Bangalore,Female,2,190586.61582457172,0
37,42259.32907673939,,Mumbai,Male,0,188251.71829957594,0
56,27117.122436128917,687.7100393902186,Delhi,Male,3,207364.41098495937,0
43,57155.612408346824,773.6130721806218,Mumbai,Female,1,195876.62331138787,0
43,47493.174293203825,672.5307922040942,Hyderabad,Male,0,219344.1657244599,0
22,52937.67882646522,627.6534017628148,Delhi,Male,3,74548.45492639595,1
42,52727.99382587743,,Hyderabad,Male,3,,1
54,45421.629434679984,588.2746813453077,Delhi,Male,3,324415.8827317874,0
66,72360.89205274929,614.297079919339,Bangalore,Female,5,258143.5237121443,1
67,67231.48550558156,689.046484992889,Bangalore,Male,4,239910.65558145702,1
68,,724.7910256117534,Hyderabad,Female,3,,0
26,58458.636800785396,524.2422141085384,Delhi,Male,4,183538.64050582625,0
18,54185.32288655509,595.7326200265978,Delhi,Female,4,214282.33357763823,0
45,70334.56788207426,570.0807993349747,Bangalore,Male,6,90397.86981084566,0
53,58083.65065526988,850.6092888159124,Mumbai,Female,3,,1
46,,700.8725023229933,Hyderabad,Female,4,202591.6970946863,1
21,54489.38870609738,574.1504665299931,Mumbai,Male,3,115480.23434997919,0
68,58049.79128790929,667.6820872139398,Mumbai,Male,1,158804.9034853382,0
61,37158.74261136699,658.6143883046375,Mumbai,Male,3,305679.66316325683,0
24,26442.490945652346,787.284847467653,Hyderabad,Male,3,147848.91339748952,0
35,60989.60115823369,753.9111787420269,Mumbai,Male,4,149532.3559367315,1
52,66211.71088331932,504.244850053507,Mumbai,Female,3,211464.5044000003,0
52,53358.26036418697,,Mumbai,Female,4,227148.46502049762,1
36,,827.5310892609511,Hyderabad,Female,4,138694.1980174859,1
30,58546.50920348306,755.6056809066051,Delhi,Male,3,150547.1641053098,1
34,65563.0991638685,413.70675644581615,Hyderabad,Female,4,117913.53246435005,0
46,59137.071813607654,,Delhi,Female,3,180262.04607084475,1
44,72943.2547919092,565.3643345009126,Delhi,Female,3,236803.38590883728,0
43,24347.474110150615,624.0453322416083,Bangalore,Male,3,215412.12261184197,0
56,44963.229510648074,652.4219456672758,Delhi,Female,3,,1
64,67785.56231994496,595.3319915412735,Delhi,Female,2,653856.7631925612,0
54,,,Bangalore,Female,0,221778.93802619106,0
18,445126.2335635296,578.4240010889248,Delhi,Male,4,294309.27496295515,0
20,72148.10524588844,617.2105283487082,Delhi,Female,2,,0
48,80153.06808149524,608.9185712045415,Bangalore,Male,3,149663.0280376446,1
21,51298.8468120935,639.9845923520047,Bangalore,Female,0,178172.43629278953,0
66,48925.98110878904,682.674476460232,Delhi,Female,2,,0
58,39470.12468289867,798.4116028535965,Delhi,Female,3,45202.87062076232,0
52,35318.54426326539,855.7495469711698,Delhi,Male,3,,0
19,55988.34683907919,697.635776935622,Mumbai,Male,3,219798.44381120836,1
29,39784.22513787678,355.96113653357196,Hyderabad,Female,1,253330.23067655126,0
30,88600.3970487479,683.8483843461692,Delhi,Male,1,177559.8357270706,0
68,38551.11265186225,612.7793223928948,Mumbai,Female,4,155953.03463994348,0
45,,613.3175588185312,Hyderabad,Male,2,94328.61739950711,0
64,87394.99276149186,747.8858050781796,Hyderabad,Male,2,202675.47743785207,0
53,52963.994070386,573.7275221433786,Mumbai,Female,4,307146.12715839996,0
40,41292.14825292916,736.9156064389273,Bangalore,Female,2,283041.00218527694,0
33,323701.82379591354,543.2197078420807,Delhi,Female,2,95026.94390435857,0
32,34818.434371097486,616.5224667893459,Hyderabad,Female,3,145146.00659278958,0
26,,821.0613372581926,Hyderabad,Female,0,196682.2577600682,0
42,43482.55658851527,469.6860323744055,Mumbai,Male,4,180050.4299862015,0
40,,734.7421677150421,Mumbai,Female,1,375731.6843983163,0
33,75146.55968412924,524.5710576830751,Hyderabad,Male,3,174824.7336969526,0
27,49296.19131681224,746.539748459117,Hyderabad,Female,2,114717.42626978554,0
43,55197.55822596073,742.6215402241593,Mumbai,Female,4,266112.26538644196,1
19,70732.38486556291,641.1637040794665,Bangalore,Female,1,183983.89965597042,0
55,46860.14484272201,,Delhi,Female,0,143686.69396675646,0
65,13641.81010056565,,Delhi,Male,1,141321.43466573764,0
42,25077.1990659656,473.15606344371486,Delhi,Female,1,-9450.65589538237,0
18,46798.35693604688,498.21262533191907,Delhi,Male,1,878436.5709992377,0
22,29496.819523768685,719.3478911913994,Hyderabad,Female,4,46612.08911917609,0
66,53016.485700724515,393.76663412046895,Delhi,Male,3,,0
64,56328.81131352927,651.961665769399,Mumbai,Female,5,157449.77997685372,1
64,42070.74977375365,679.4224129013494,Mumbai,Female,0,134226.75146484745,0
47,45909.146453784946,692.8307097207648,Mumbai,Female,2,170454.49838734488,0
38,44525.70905685672,627.0609255931972,Delhi,Male,1,163562.63550002075,0
50,42235.830514457426,,Mumbai,Male,4,1079088.9938188975,0
58,54891.99533363177,,Hyderabad,Female,3,159656.15873499014,0
68,42681.32887781446,554.2849085104957,Delhi,Female,4,309447.53894519183,0
63,35909.96909271869,540.8299123860686,Delhi,Female,3,195408.2028970565,0
59,,624.1095026295923,Hyderabad,Male,0,221534.47362041278,0
55,53513.22098804781,686.1503525206101,Bangalore,Female,0,240774.64617938633,0
41,,730.7122596637311,Hyderabad,Male,3,137411.6861998405,1
38,41114.09113641696,719.6387447456715,Bangalore,Female,3,,1
65,43697.19774356214,640.1411867715739,Mumbai,Female,5,,1
65,40652.89210362853,585.3772690156197,Delhi,Female,5,271538.62196007476,0
43,49397.63074033485,630.5091719647319,Mumbai,Male,3,157875.58934906384,1
62,70462.10644960766,698.7872284871074,Bangalore,Female,3,87433.02441727865,1
49,29724.730915754997,717.7875319530908,Bangalore,Male,2,,0
41,39834.26945371841,557.048913980759,Mumbai,Male,4,,0
66,49908.9363269016,658.5318142565025,Delhi,Female,1,193448.44963420057,0
62,30031.50569663333,696.2060893251896,Bangalore,Male,4,254948.6328809805,0
46,69176.77793910948,686.9642192198094,Delhi,Male,7,333829.4561518824,1
28,62753.32613170239,604.9810735148588,Mumbai,Male,2,43871.766969369055,0
19,61575.48065972517,735.0897962167973,Delhi,Female,6,289334.50200540177,1
22,22456.919403450553,728.3390509282596,Bangalore,Female,0,34775.77799675116,0
38,55736.14619276076,659.2844901141115,Mumbai,Male,4,,1
60,40301.4067363621,508.16342670669684,Hyderabad,Male,1,198048.11462110747,0
56,63224.59635424176,776.2584103427182,Mumbai,Male,4,260396.70129135717,1
31,,489.90960215234844,Bangalore,Female,2,200973.57458263243,0
36,49705.433016099785,,Delhi,Male,0,416863.5439232426,0
43,50045.69030230122,692.097294438939,Bangalore,Female,1,164511.45358340914,0
24,22926.768490032213,758.8748619704186,Bangalore,Male,5,240775.13849797248,0
49,52562.981571919125,556.4561297955405,Hyderabad,Female,7,147637.31432013522,0
55,44407.502718623495,821.9377906207296,Delhi,Female,2,231629.89449485327,0
22,54217.87135954064,642.4048976357477,Delhi,Female,5,125056.38120324937,1
31,67949.47229968477,757.2978047766012,Hyderabad,Female,4,216708.28340274654,1
65,57435.22831958907,549.7812544218527,Mumbai,Female,1,258566.4761146418,0
50,51713.41472993059,683.1980330569014,Hyderabad,Male,2,1148651.706584525,0
28,65797.29279999355,574.8030668261181,Delhi,Male,6,113637.37182671687,0
28,,,Mumbai,Male,0,72788.65354557616,0
56,25903.30519613641,822.6963851233405,Bangalore,Male,1,158786.32807263857,0
67,31834.75700356315,635.2397413701332,Delhi,Male,6,92842.4180033795,0
37,56444.273286988784,462.4827530354255,Mumbai,Male,6,237851.63626142294,0
20,74425.94934692807,718.6318456956701,Bangalore,Male,3,308245.5328133126,1
25,,718.205206571262,Mumbai,Male,4,304892.9837282893,1
68,61270.80685057683,835.4092566334189,Hyderabad,Male,3,181673.51752626323,1
34,55213.72558042507,730.8057798281145,Hyderabad,Male,4,316434.758713226,1
65,,,Mumbai,Male,6,324099.6213142184,1
50,66180.21250146943,597.5911602065407,Mumbai,Male,0,303998.98978097073,0
69,72067.55491240413,761.7398815902461,Mumbai,Female,0,314914.36156470934,0
24,53723.30879450504,719.3105607263144,Bangalore,Female,4,399874.4386977196,1
67,57617.53634434436,517.3527871688917,Hyderabad,Male,0,55258.58283293934,0
54,46395.119027627974,603.5382702701606,Mumbai,Female,4,314492.1694209393,1
66,37944.88148045404,528.8828070719219,Bangalore,Female,4,168767.3009375623,0
50,72440.66467233775,624.7646497873712,Hyderabad,Female,5,313970.21856617945,1
43,59527.57702522954,568.2911368931809,Bangalore,Male,3,171360.76524693312,0
66,49406.672692150176,,Mumbai,Male,5,279764.7485162913,1
20,67859.69412179512,597.3965157332419,Bangalore,Male,1,148545.33263783756,0
18,47838.686664175766,611.2900297525599,Hyderabad,Female,5,195935.9369104373,1
51,21656.889035817036,611.1481546911114,Mumbai,Female,5,128096.01518049299,0
36,49135.71804449622,550.5650625391488,Hyderabad,Female,2,131685.3673231955,0
44,60122.29238249906,,Delhi,Male,5,168552.78394388309,0
30,51878.36753971861,830.4348109786742,Hyderabad,Male,2,182398.55778722608,0
39,45645.88183717023,790.159859294643,Delhi,Male,3,191651.32404495307,1
56,36167.52013733562,787.4876419148185,Bangalore,Female,3,103187.1597615292,0
40,72199.16208335038,905.8199285668252,Delhi,Male,7,199695.66930633606,1
56,39434.84464185861,713.472146856177,Hyderabad,Male,3,,0
42,44859.68608879477,610.8241850956178,Mumbai,Male,2,371440.5643667928,0
65,40146.58581542906,656.934433703625,Bangalore,Female,2,289719.9369479943,0
31,38685.86224970963,761.4321694668872,Mumbai,Male,1,109818.89659566824,0
57,57399.76851321334,636.2551485372309,Mumbai,Male,2,98456.71158055167,0
65,,718.3569323200478,Hyderabad,Male,2,284537.9929024335,0
45,71601.75823174209,658.9580681255248,Hyderabad,Female,2,282452.78465932474,0
27,26105.09399702496,,Bangalore,Female,5,254010.96451255365,0
45,61330.86838738634,637.8252491616716,Hyderabad,Female,2,145586.12189216394,0
67,43578.27258551131,770.3884437168816,Delhi,Female,6,280178.89333623403,1
62,60443.095472201276,908.9563642018613,Bangalore,Female,6,246542.541650269,1
38,50422.717360536924,710.6723059136183,Bangalore,Female,1,222498.43937748834,0
41,77700.6098860405,,Mumbai,Male,5,166304.09467096694,1
47,49479.72668919828,,Bangalore,Male,1,249195.57112251024,0
20,40060.643615812296,627.3515901150168,Hyderabad,Male,2,304207.2317428985,0
29,46685.53739255504,,Hyderabad,Male,4,149338.1836231782,0
57,69922.91212773586,731.8777643754861,Delhi,Female,2,163979.7289777383,0
49,58896.51886952575,662.6379579546411,Delhi,Female,5,52778.68921635451,1
56,69760.91098451489,489.2440135631026,Delhi,Female,7,31212.94074994867,0
19,43404.034125887374,,Mumbai,Female,2,314300.81296294165,0
52,71704.668265306,811.2220628255425,Hyderabad,Female,3,314744.7735481661,1
56,50233.685713722014,798.9863438602082,Bangalore,Female,8,155591.26176573202,1
61,46175.34173868717,550.069776770509,Mumbai,Male,3,318008.9891447885,0
59,80843.10694910484,707.2057441714144,Hyderabad,Female,3,294260.2278038402,1
66,63860.40528810352,701.3907849658915,Hyderabad,Male,0,58768.99303760208,0
49,46381.459132155054,472.6967531793118,Bangalore,Male,6,,0
43,,694.7716925810278,Hyderabad,Female,5,189877.3936202352,1
64,41346.62195715277,362.7737786718351,Bangalore,Male,3,242227.14799324697,0
30,64035.17589721191,,Hyderabad,Male,5,220298.98374198665,1
28,49770.35226240507,547.0628491817929,Hyderabad,Female,3,358690.69219488156,0
38,46681.19564621342,762.4353359870503,Delhi,Female,2,89949.27289709105,0
49,75913.14755151067,348.0487844179175,Delhi,Male,4,37411.698856129224,0
50,63086.859924202174,610.8351432578208,Mumbai,Female,2,154795.16211590462,0
51,47375.60364956887,611.6028728047648,Hyderabad,Female,3,,1
46,38654.73882073545,672.4684725751886,Bangalore,Male,3,235156.21523663925,0
56,47749.1661945121,667.3341664370408,Mumbai,Male,3,236863.7794892774,1
57,52200.705296499844,809.8647170504717,Mumbai,Male,3,325791.8568216262,1
52,48767.732324111465,590.4338705956508,Mumbai,Female,2,201787.13914548865,0
29,27726.53047325145,759.7152711753696,Delhi,Female,2,149676.9711037111,0
64,48675.76927473118,452.9896182288164,Bangalore,Male,4,247386.36376106745,0
68,41672.00709960202,,Bangalore,Male,3,235385.34945315882,0
21,59578.88688166061,664.0886246911203,Hyderabad,Female,3,149706.38023753118,1
22,37411.85498991491,645.6523050186138,Delhi,Female,6,219596.5674537603,0
42,63423.86565416662,604.790966716692,Mumbai,Male,7,124100.10437855999,1
51,27152.19642824338,558.0615408413577,Bangalore,Female,3,152201.69135804774,0
38,41114.09113641696,719.6387447456715,Bangalore,Female,3,,1
62,35024.68938891814,660.8559705776523,Delhi,Male,4,226553.475816631,0
48,58154.002318916486,676.2561329001925,Delhi,Male,1,413352.4177856007,0
55,,803.37277099165,Mumbai,Female,4,147470.07433602362,1
34,18771.058881744168,636.7366253617427,Delhi,Female,4,137026.0744010403,0
64,434147.5104933171,563.38251517855,Bangalore,Female,4,241457.51603563293,0
43,46864.65114070962,698.2248952680657,Hyderabad,Male,4,284765.24580987176,1
53,,503.247473424756,Mumbai,Male,1,137392.69099614935,0
29,45773.230867092396,651.8849622944848,Bangalore,Male,2,342713.8076161415,0
25,38450.40153412038,516.968637426101,Bangalore,Female,3,-12146.245043595904,0
65,44099.91781508959,616.618051024399,Delhi,Female,3,127447.77002223513,1
36,49880.41038025074,594.8141854107553,Mumbai,Female,2,44651.30724964751,0
65,60914.4431545547,712.2207144043402,Hyderabad,Male,0,275671.05252437113,0
39,29258.00403553496,709.2526949201183,Mumbai,Female,3,85295.53408572685,0
56,52408.60971574797,,Delhi,Male,4,255056.42451623062,1
22,59612.64291900515,561.8125348772282,Delhi,Female,3,109947.6025759532,0
40,39452.35362311169,565.6753404683808,Bangalore,Male,3,126074.97541271478,0
62,32186.02371455731,,Mumbai,Male,3,165136.82163010913,0
38,57297.52465739303,817.4492433347538,Bangalore,Female,3,449414.49033664376,1
55,35403.96588677667,761.2688374989925,Mumbai,Male,1,308743.80794918444,0
61,29989.617576226934,696.2172666081943,Hyderabad,Female,1,334169.2696149497,0
18,36522.98027313444,960.9918556005362,Hyderabad,Male,4,212545.84128785547,0
49,31640.895998566153,660.4355937523213,Mumbai,Female,3,238060.15934652256,0
52,34198.76655239516,713.8391925608383,Mumbai,Male,5,1233105.167238785,0
58,62907.10232539618,647.6447849125761,Bangalore,Female,3,,1
27,57410.45279424108,584.1883510924744,Mumbai,Female,1,82802.02031160888,0
61,29989.617576226934,696.2172666081943,Hyderabad,Female,1,334169.2696149497,0
21,40439.19309040223,530.636316824352,Bangalore,Male,3,178836.32810362222,0
29,31330.179450328746,812.467845846956,Delhi,Female,3,,0
34,49624.595618822845,617.9332374442808,Bangalore,Male,1,389393.1491221697,0
28,48052.689503998605,782.1304032273013,Bangalore,Female,1,45272.98036323383,0
65,53840.44601470813,544.6317580853646,Delhi,Male,2,,0
22,42035.04567497274,692.7194361871685,Delhi,Male,2,185638.8340102016,0
69,55717.37577324166,673.9404500535377,Hyderabad,Male,3,181515.2370527281,1
27,47195.43045521831,539.9845767028305,Hyderabad,Female,5,60863.58782617599,0
22,56803.014522709695,709.1814133741378,Hyderabad,Male,2,121414.05821785794,0
44,36189.89610380951,542.8946320350951,Bangalore,Female,2,371363.40271082916,0
51,,479.26420424070534,Bangalore,Female,4,206275.1396866936,0
59,67539.4338566851,,Mumbai,Female,4,151419.08687311324,1
65,,715.9245668432405,Bangalore,Male,2,131230.91888972366,0
68,55004.931579304226,740.3934841086195,Hyderabad,Male,4,253083.6494798748,1
61,37514.66640343657,789.2465300064329,Hyderabad,Female,1,227689.38630381782,0
65,43065.87066942436,498.6285607387173,Mumbai,Male,2,88025.4796213851,0
56,58287.34931625721,651.9147777415752,Hyderabad,Male,3,194900.3771596827,1
64,67785.56231994496,595.3319915412735,Delhi,Female,2,653856.7631925612,0
60,56292.98665860542,795.3260663321034,Mumbai,Male,1,248730.84152428107,0
49,29777.218668414305,723.8810480887503,Hyderabad,Female,1,229231.53935401127,0
44,66000.1203438373,606.3614109473432,Mumbai,Female,2,271204.61859803676,0
66,23588.558612662735,798.7246155335927,Delhi,Female,2,269125.59857111576,0
42,26241.45764771415,572.7122332176391,Bangalore,Male,1,175933.92351741611,0
22,50570.05217252301,830.0511181510853,Delhi,Female,4,201687.419828047,1
19,47712.952454291844,,Bangalore,Male,4,171283.3291856469,0
24,53287.254914959085,,Hyderabad,Male,5,85301.59801518172,1
56,40056.48623673578,685.561334878566,Mumbai,Female,3,188051.0803480287,1
64,65147.25634013952,588.3638591960522,Hyderabad,Male,4,61919.15050665868,0
27,64726.48230487391,778.1643795003769,Bangalore,Female,4,356248.57586180593,1
48,70853.1132352597,673.0070759191402,Delhi,Male,2,96724.62244054208,0
25,52556.243335632316,583.9678860526553,Hyderabad,Female,5,120245.46988782985,0
18,54611.10046713651,706.46059258936,Mumbai,Male,3,435443.8668214897,1
58,35759.01666752085,,Bangalore,Male,4,156393.02160035277,0
25,59118.44764574809,571.2216248091761,Bangalore,Female,3,42837.11695176602,0
26,28794.282546425296,769.2507512477976,Bangalore,Female,2,190720.23421427733,0
18,56544.85504511048,668.3849544753695,Mumbai,Male,3,,1
56,33064.22343174156,647.5804393609084,Hyderabad,Female,3,219603.09314523247,0
20,36865.726199228644,752.4062525811462,Bangalore,Male,1,270405.27703658736,0
47,52496.78312319584,665.98563919974,Hyderabad,Male,4,119894.82766416264,1
34,58656.081907708096,550.1614560811709,Hyderabad,Male,1,138716.383807968,0
23,22386.88653002532,639.5550781462529,Hyderabad,Male,0,112076.86203745127,0
45,47834.593821140865,763.9878561129045,Delhi,Male,3,312160.74607352976,1
32,28666.19435603489,743.259083187309,Delhi,Female,1,301436.8389682471,0
43,63427.89830041598,650.1205475362224,Delhi,Male,2,106875.94940753396,0
57,51640.92191907339,679.8752908365686,Mumbai,Female,5,335387.72579705634,1
43,59730.64831384464,612.9988970117872,Hyderabad,Female,4,,1
33,,660.5894453115234,Bangalore,Female,4,-57681.30847885707,1
66,46415.77929700386,578.3177679397195,Mumbai,Female,5,55699.96127260031,0
66,58588.74172034238,575.5097355193551,Delhi,Male,2,82039.78503614115,0
34,73693.58218596068,540.9600922557154,Delhi,Male,4,135392.6927921363,0
66,76321.91272976546,839.9881934895216,Delhi,Male,3,,1
26,,709.3556722280862,Delhi,Female,4,232725.19506672455,1
40,21938.121184612166,493.7454143113457,Hyderabad,Male,1,242454.64984080382,0
25,,662.2670315994795,Hyderabad,Male,1,301486.6588517976,0
56,46535.98204686983,768.7386051564752,Bangalore,Female,1,231296.7461789915,0
43,,489.3422899261321,Hyderabad,Male,4,296853.96420337574,0
48,,811.5582823548232,Delhi,Male,2,200703.07541056574,0
46,54287.98086087358,753.2546204341658,Mumbai,Female,4,,1
47,66372.60277883692,704.6733568201379,Hyderabad,Male,3,303109.07401650416,1
43,,488.48681840944903,Delhi,Male,3,282974.51245192403,0
49,73609.80144935049,925.9660038911078,Bangalore,Male,4,238448.6874677878,1
23,61148.96141034072,711.5367484013053,Hyderabad,Male,1,196867.03076457925,0
68,38551.11265186225,612.7793223928948,Mumbai,Female,4,155953.03463994348,0
29,,632.5645742097164,Bangalore,Male,4,311634.7265759348,1
19,48549.30332194411,637.9618836046402,Delhi,Female,3,277000.23086400813,1
62,61787.00237976248,552.8343265458714,Delhi,Female,3,214959.21677797314,0
48,,708.855326977072,Delhi,Female,4,269223.18049081997,0
62,32186.02371455731,,Mumbai,Male,3,165136.82163010913,0
39,40229.64659312257,676.348721533106,Bangalore,Female,4,118567.08076182727,1
69,,582.2255029475149,Delhi,Male,2,,0
35,49753.65655890872,481.656180777905,Bangalore,Male,1,265928.2317484565,0
41,82448.8208495819,664.2943094763707,Bangalore,Female,2,95614.64876536405,0
27,50480.0622359865,739.0198411124787,Mumbai,Male,2,269074.9824151903,0
67,61193.80349040831,537.3232531090194,Mumbai,Female,1,255613.21986641124,0
37,57764.88530703685,557.2646865809426,Hyderabad,Male,4,121735.36401420017,0
36,52947.817545522055,702.1122428379339,Hyderabad,Female,3,354668.7798171486,1
20,381218.2557390205,649.9291405423354,Mumbai,Male,3,228301.65047131115,1
56,50431.17234402226,,Mumbai,Male,1,11963.531790051115,0
29,34778.649039607,493.57583882889486,Bangalore,Male,5,65530.36326095037,0
53,,757.6007138598599,Delhi,Female,6,109612.01142251522,1
42,59682.26271711613,,Hyderabad,Female,0,,0
18,38332.74968613687,617.767953078866,Delhi,Female,3,292480.53355609014,0
43,75533.22416952858,566.8177791769556,Bangalore,Male,5,210116.7375248552,0
22,,645.1347648429548,Delhi,Female,2,,0
56,53895.83752582223,601.1150578213726,Delhi,Male,2,308224.042791738,0
44,31668.082866620818,532.0960208840197,Bangalore,Male,2,327534.236496321,0
34,41438.805593757854,582.9379790923355,Mumbai,Female,3,9207.559283953422,0
33,50511.25202388839,560.1215951676871,Delhi,Male,3,247171.138508592,0
60,66898.47544321636,682.5796316582166,Delhi,Female,2,292546.70248295914,0
58,64944.002291707104,588.234810456565,Delhi,Male,0,307934.32391109644,0
21,46313.85403871084,543.760647185312,Delhi,Female,3,,0
19,41395.069896796456,781.7115067339865,Mumbai,Female,6,175769.18049608055,1
61,41745.422692318694,515.4129076526785,Delhi,Male,5,120152.42977847718,0
31,58828.67606630914,738.7290837266742,Delhi,Male,2,261137.05626710842,0
26,37745.964935191456,620.4519681970839,Hyderabad,Male,2,298456.2323987576,0
31,57364.62427457377,606.3235762761783,Hyderabad,Female,5,201443.78019745793,1
26,59158.786179257346,726.0055963689603,Delhi,Male,5,195910.50455876978,1
53,65759.81594011417,630.8972237399831,Delhi,Male,3,204415.93940240715,1
45,62502.93442413387,801.1154930247347,Hyderabad,Male,6,,1
34,,624.1203937332898,Bangalore,Male,6,323131.387664852,1
47,69937.28795198648,678.5554074857657,Delhi,Male,6,347711.6736479398,1
19,,653.7937835447602,Mumbai,Male,2,162452.28268586312,0
30,39978.64319535427,755.1947617722918,Bangalore,Female,3,,0
41,47144.91982874588,770.8366230593142,Hyderabad,Male,3,97152.71993951779,1
53,53740.75525566133,713.8051101440757,Mumbai,Female,0,133007.5419747607,0
54,9546.700355876426,631.2855734995451,Delhi,Female,2,73645.0961025921,0
57,55937.05300156114,563.28697842891,Delhi,Female,6,293693.41061649175,0
63,38483.03652343807,678.7124165201824,Delhi,Female,4,145560.47617887618,0
22,48113.19619850528,778.1016361735112,Mumbai,Male,3,196693.02361526637,1
63,52799.13684734537,587.9152401748884,Delhi,Female,4,81508.34203026275,0
51,,700.1782736167545,Delhi,Male,4,181935.46007391665,0
47,,755.9936384046622,Mumbai,Female,3,,0
35,,538.347556005134,Delhi,Female,2,,0
24,312676.9084048856,647.2485094949363,Bangalore,Female,3,48026.3775312895,1
65,50319.073651040926,580.945894768374,Delhi,Male,1,313556.45446382713,0
61,54184.91243335703,643.3867385374177,Mumbai,Female,3,170787.79094414294,1
29,,563.0336918725305,Delhi,Female,3,257179.6519911156,0
46,17699.148295944276,816.1470165728018,Hyderabad,Male,2,231919.37260013566,0
58,58396.856718965595,658.2439752934504,Mumbai,Male,0,201289.9830320378,0
51,52048.02996624106,584.9976065593102,Delhi,Female,4,121739.6049551618,0
46,61131.430580139604,653.2796995411586,Hyderabad,Male,3,299976.83361474547,1
49,30573.818419045758,543.2467085745727,Delhi,Male,1,118139.74212995324,0
49,20026.989732018385,542.8142766959845,Hyderabad,Male,3,157808.8750688304,0
55,53506.788676861215,631.0879609222967,Hyderabad,Female,2,309311.15294835507,0
36,52947.817545522055,702.1122428379339,Hyderabad,Female,3,354668.7798171486,1
20,53358.712010969924,585.851309095569,Delhi,Male,6,129801.27822754947,0
29,,623.7109170791732,Bangalore,Female,4,202611.10693526972,0
30,,,Hyderabad,Female,2,207562.20540707748,0
18,46287.22046672743,646.2963202951588,Hyderabad,Male,2,128219.75950709946,0
59,47403.922635741954,,Bangalore,Male,3,263838.0203665524,1
69,42469.18663471083,499.7029671604847,Hyderabad,Male,3,105868.40448799575,0
44,31613.515054964882,689.2415967178767,Hyderabad,Male,4,,0
54,30793.559712555754,717.2573701202731,Hyderabad,Female,1,135222.01313861727,0
45,57120.47349319929,738.7655425873836,Bangalore,Female,2,292375.5013373376,0
42,67842.05733386961,660.1856295261987,Hyderabad,Male,3,74286.40013293597,1
50,54005.75398803888,434.8184598670695,Hyderabad,Female,1,283871.9910250833,0
69,59327.149433257946,575.7529414301952,Delhi,Male,1,274884.4934348813,0
46,40627.72133456482,657.0052163113181,Delhi,Male,4,131720.3615950927,1
52,58047.64765355605,849.5667489783964,Hyderabad,Female,2,60506.1918082771,0
27,50849.74887345661,693.9501230620226,Hyderabad,Female,3,288536.8339429854,1
60,40415.57378465746,652.0886488295962,Bangalore,Female,0,284003.92332427413,0
39,52698.41226730218,630.9960964998505,Bangalore,Female,3,,1
68,,666.0018225852788,Bangalore,Female,5,,0
41,37252.33445802813,613.2972160916678,Bangalore,Female,7,87441.8030316809,0
53,27716.59440444542,,Bangalore,Female,5,236865.98923230922,0
19,49145.81564418399,606.4513629430156,Hyderabad,Female,3,181978.98860069172,1
67,75258.91537186803,580.5286868910941,Delhi,Male,2,165681.5426102064,0
61,64014.79866858911,563.7224235956879,Delhi,Male,3,201202.22002296775,0
42,,,Mumbai,Male,5,328633.2048895326,0
49,82177.23691660083,625.2974299254004,Bangalore,Male,2,254979.07603162306,0
50,40616.55947735706,732.5098264667635,Bangalore,Male,3,93404.13216843473,1
61,77699.554940715,712.1571889856051,Hyderabad,Female,1,395297.7377977531,0
43,25177.14992201346,609.6351536758003,Mumbai,Male,2,265623.86996071716,0
34,33204.95158060784,591.7241342388418,Mumbai,Male,9,242998.29636851427,0
64,55995.31927628962,599.7025229448657,Mumbai,Male,1,163895.77085250683,0
40,34401.411093117036,814.2672953255964,Mumbai,Male,4,,0
57,44727.297739380374,,Hyderabad,Female,3,,0
45,57071.23334579606,624.9953485401047,Hyderabad,Male,2,239361.14244535187,0
46,59493.97726633266,676.0321838771221,Mumbai,Female,4,212647.5900693448,1
27,40228.72994578327,623.5485158689389,Mumbai,Female,2,112927.10114617234,0
50,,665.2354872033721,Hyderabad,Female,6,276824.41344693344,1
45,54539.531978585495,531.9187184691156,Mumbai,Male,4,224837.82033446012,0
37,36151.50130833643,379.6767707000763,Delhi,Female,1,,0
19,39092.94236262697,588.8230909094715,Bangalore,Male,7,202438.1131136503,0
40,45536.54744960012,666.4760841236516,Bangalore,Female,4,261311.07812579194,1
41,44184.47660096024,483.7508011964326,Delhi,Female,6,233089.30060573443,0
47,58795.4602813264,,Delhi,Female,2,96991.57730775511,0
32,,634.4101822063333,Hyderabad,Female,4,62586.2281309283,1
60,35425.789422340225,549.6042627918501,Mumbai,Male,4,115295.98814017442,0
58,40643.465589562926,617.1381524251016,Delhi,Female,1,307725.7330088237,0
69,50894.45554880261,570.7580079000039,Delhi,Female,3,233794.7978321152,0
38,55877.060081038195,664.3388467342251,Mumbai,Female,4,251910.55407230713,1
48,38648.073671458085,784.0461051790348,Bangalore,Female,1,-43572.52313945294,0
61,72559.89482874033,599.5225078771782,Mumbai,Female,3,184525.78971350356,0
29,,473.09240951108814,Delhi,Male,3,383645.0347547695,0
31,34878.70533623894,701.5939217704099,Bangalore,Female,3,161361.28591417274,0
47,46628.518971609745,610.7987360080871,Bangalore,Male,2,,0
57,307031.09921082226,690.7052287124535,Bangalore,Female,5,279260.247056859,1
36,54820.35823175409,693.8475738809727,Bangalore,Female,1,90871.52049453133,0
69,29310.21157978209,619.1965715814259,Bangalore,Male,4,22592.71365129834,0
20,60825.08096064853,,Bangalore,Male,6,707870.0554022655,1
42,339129.4955086063,569.4129933503812,Mumbai,Male,1,186868.0469822581,0
26,40222.45838296761,603.3963498131758,Delhi,Male,3,210815.22727899087,1
63,63869.50524369153,635.5481329284482,Hyderabad,Female,4,204400.23488266996,1
22,,716.6312500909212,Mumbai,Male,2,166829.55929487754,0
64,58859.82246038464,602.6160652929084,Bangalore,Female,4,112086.69962174448,1
56,51793.705526212296,497.7640813782109,Mumbai,Female,2,,0
37,,734.0620026504553,Delhi,Female,2,,0
41,54963.20348321686,637.2450879622465,Hyderabad,Female,2,,0
49,66549.52823024782,640.9466717695839,Bangalore,Female,3,199862.86770647488,1
50,44377.68788675604,,Hyderabad,Male,2,179197.09998556442,0
64,36687.6173329685,516.1394200276751,Mumbai,Male,2,245795.62449240815,0
25,51073.49355829089,542.7860988014393,Hyderabad,Male,3,208641.12967836007,0
47,,551.8834468860318,Bangalore,Male,4,125519.86306940467,0
36,62508.83231823356,619.0790922950137,Bangalore,Male,2,158727.5749494128,0
64,41346.62195715277,362.7737786718351,Bangalore,Male,3,242227.14799324697,0
59,298204.2069900658,644.5105999383713,Bangalore,Male,6,133933.3781409562,1
37,58149.470435545816,520.6727042128837,Mumbai,Female,3,176176.3075020832,0
18,41365.43260643339,813.9964529371393,Hyderabad,Male,1,,0
65,,684.7676483538337,Delhi,Female,1,161307.30900499452,0
61,54056.85238669758,,Delhi,Male,4,235158.88384068094,0
43,30579.777864186413,406.1182841723571,Hyderabad,Female,2,,0
24,47989.742499906235,,Delhi,Male,4,168524.96829803596,0
64,38226.5253037664,680.3818595604876,Bangalore,Male,3,237638.6396903285,0
54,9546.700355876426,631.2855734995451,Delhi,Female,2,73645.0961025921,0
52,,795.2467534470745,Delhi,Female,4,195363.95665898258,1
52,43116.7360569659,609.0717561886896,Mumbai,Male,6,,1
35,,589.4139179241107,Hyderabad,Male,7,274533.2773494476,0
64,71656.46906109889,584.623366135118,Bangalore,Female,3,61938.310014994146,0
28,49770.35226240507,547.0628491817929,Hyderabad,Female,3,358690.69219488156,0
50,66180.21250146943,597.5911602065407,Mumbai,Male,0,303998.98978097073,0
35,34327.862089684495,496.8892497444278,Mumbai,Male,0,237970.67884534335,0
21,63344.46193435155,578.084668075758,Bangalore,Female,0,193514.63156516664,0
27,69526.11934098197,626.9599285794233,Mumbai,Female,2,286017.7232945533,0
69,53051.954538008344,610.0363814385398,Mumbai,Female,5,189878.48824368397,1
49,55658.17812596781,621.3995778119889,Delhi,Female,4,199016.12405535538,1
23,24461.245936432395,619.6820217165724,Delhi,Female,3,139006.56395176685,0
68,,725.4291329813574,Delhi,Female,1,482324.41500563873,0
18,36522.98027313444,960.9918556005362,Hyderabad,Male,4,212545.84128785547,0
52,64458.18675192365,463.3460048639384,Mumbai,Female,3,215475.88599934368,0
57,34441.30768510315,856.1503576636399,Hyderabad,Male,1,,0
19,,,Bangalore,Female,4,277614.00660542876,1
64,43307.248501778304,648.1291243554102,Bangalore,Female,2,92219.68659349206,0
40,35129.114758155396,632.4145595567929,Bangalore,Male,5,277423.5575202741,0
18,,661.3270410537765,Hyderabad,Female,5,,0
52,86686.27969425239,,Mumbai,Female,0,211634.17739246076,0
54,65454.25181047763,599.185980235269,Hyderabad,Female,3,87810.45732609401,0
28,62577.36161677463,569.1734278359073,Delhi,Female,2,279295.2890341333,0
25,57340.61841841877,682.4359281721603,Delhi,Female,3,76523.92454514024,1
38,41971.47182659148,743.7570137626558,Hyderabad,Female,6,128754.49515271885,1
40,73482.86043851511,760.0959634998571,Mumbai,Male,3,186172.34601487112,1
33,53125.74211921329,730.0409525227682,Delhi,Female,4,280867.1788016251,1
53,,757.6007138598599,Delhi,Female,6,109612.01142251522,1
69,76284.05665135435,802.1316051922452,Bangalore,Female,2,119370.56694222959,0
62,73661.79919645212,700.0844474944457,Mumbai,Male,0,31448.870829913532,0
54,76039.45704747873,,Mumbai,Female,0,285503.3857115434,0
36,45789.87384699839,858.9538721694773,Bangalore,Male,2,300361.4961904952,0
25,20093.96536142817,504.88243099484407,Bangalore,Male,4,129864.23315045657,0
36,52801.50146715617,747.519762978243,Mumbai,Male,2,244232.4182879585,0
23,41848.62843299352,,Mumbai,Male,1,317726.8066055915,0
69,54931.436154552204,721.8185725707934,Bangalore,Male,3,225800.3728231924,1
43,59486.116085832815,587.7350638265548,Hyderabad,Male,2,229521.31502601336,0
64,61387.327404539705,513.4044288799466,Hyderabad,Male,3,277344.56834004354,0
69,58150.402885699026,708.2097703468615,Hyderabad,Male,3,134254.81372629234,1
63,45253.87325457797,653.4152417488025,Mumbai,Male,3,993166.6364674363,1
53,44761.13443522357,710.1206748929114,Bangalore,Male,6,304755.52811221185,1
45,39606.42203306139,710.4515326355366,Delhi,Male,3,213068.82839326403,0
48,49037.92480110511,,Delhi,Female,3,107444.6882216423,1
26,52715.3233805556,520.7737304894381,Hyderabad,Female,3,268127.2836714558,0
53,50779.18828710949,536.1166882219231,Mumbai,Female,2,285889.7555126057,0
24,,601.7256477817967,Delhi,Female,4,,1
54,49435.47946362727,596.4671814046077,Bangalore,Male,2,261398.34756433044,0
62,,718.332899281107,Mumbai,Female,1,97130.8786176228,0
31,52911.34989347462,602.7909422302872,Mumbai,Female,5,156511.4483125558,1
60,63254.89906230009,762.1030667324471,Hyderabad,Male,3,,1
25,45159.802417367966,731.1396554491592,Delhi,Female,5,115985.07701106645,1
61,29021.486392712883,568.1801116577693,Hyderabad,Male,2,170745.83339755842,0
19,306919.6442340074,748.7334516589102,Bangalore,Female,4,296465.47365728347,1
49,59239.034104163955,515.4020319753251,Delhi,Female,2,150218.3821684803,0
24,60616.279031832135,654.3602446372454,Mumbai,Female,1,219270.1405760326,0
20,53356.819274583475,629.0778126255473,Mumbai,Male,3,225922.91541652265,1
39,65437.33455988466,729.994190194205,Mumbai,Female,2,139170.90870270957,0
33,56851.29828730676,963.7748533659994,Mumbai,Female,3,176585.16328197785,1
36,28900.083547276667,750.1046092567141,Mumbai,Male,3,864223.5821724411,0
23,66288.43348747367,703.450564848055,Delhi,Female,1,98371.03629399311,0
32,75165.51221114662,651.4273067836434,Bangalore,Male,5,147797.73654266837,1
38,25586.86343175256,838.4586305934608,Hyderabad,Female,2,134848.1450042941,0
37,,465.38121377619063,Hyderabad,Female,4,-36339.9152993625,0
45,20504.65115935997,701.4254756017835,Bangalore,Male,1,256607.34575796957,0
45,67925.69943387264,857.4082669749973,Bangalore,Male,3,259942.6045503561,1
32,,707.9633173213575,Bangalore,Female,2,198702.1505923247,0
43,59486.116085832815,587.7350638265548,Hyderabad,Male,2,229521.31502601336,0
42,78217.35604160884,699.6699223236521,Mumbai,Male,3,139941.6314395521,1
58,76938.16509643283,475.1468026761819,Hyderabad,Male,4,333380.5473399627,0
63,59878.164090092454,,Bangalore,Male,3,332045.83705862786,0
43,30547.5207806623,718.9707805245195,Bangalore,Male,5,127225.56485500197,0
59,,662.3204806784486,Hyderabad,Female,2,230859.9974545356,0
36,44545.81681679216,,Bangalore,Female,1,84902.39191545044,0
31,,837.3297776217546,Mumbai,Female,4,289575.0222842705,1
50,68097.63449762535,706.0919447941238,Mumbai,Male,1,177429.9378452871,0
42,35155.57795144494,,Delhi,Female,6,175283.1988321674,0
21,26651.271520103735,711.5771149771142,Mumbai,Male,2,225679.80509488186,0
20,50220.32292093796,511.8955396846225,Hyderabad,Female,1,47264.20328182058,0
22,52937.67882646522,627.6534017628148,Delhi,Male,3,74548.45492639595,1
38,39036.04940087121,,Hyderabad,Male,3,106545.77377198398,0
36,59580.95333043777,648.0739620265605,Bangalore,Male,5,155457.69817253068,1
66,26446.629201643154,517.9977488779294,Bangalore,Female,5,262154.93623452133,0
59,60168.88807008904,553.6241073789389,Mumbai,Female,3,138002.97407488123,0
68,40853.25643520927,886.3872494619361,Mumbai,Female,2,204657.0181668045,0
27,40260.83682400989,811.7212574968623,Bangalore,Male,2,224778.1423308802,0
64,62441.083717752335,,Delhi,Male,3,53625.45478335337,1
54,33117.66429052435,642.2162802987198,Bangalore,Female,4,175518.8836514073,0
36,48653.964585691596,705.5604466003449,Bangalore,Male,3,199078.7929538684,1
19,52770.204587973625,505.035478030147,Mumbai,Male,5,166482.9243583012,0
25,33776.779945784074,473.9191188019224,Delhi,Male,3,86221.62803950343,0
25,57947.06266872924,,Bangalore,Male,4,89332.73784227116,1
42,56838.31658122411,,Mumbai,Female,5,217914.1499157285,0
50,28887.32457923268,811.5375689469442,Bangalore,Female,5,212700.48407500342,0
51,40798.960046885906,700.0665721381209,Delhi,Female,2,179435.80729495484,0
22,62236.05818808945,,Hyderabad,Male,1,257959.2848305382,0
64,60097.72026904937,697.2002270919274,Hyderabad,Male,3,,1
41,75048.56756527109,,Mumbai,Male,5,338237.1068305412,0
53,33402.11136887495,614.6833707189312,Hyderabad,Male,4,140203.54768334303,0
50,288099.3495184408,624.8461113955505,Bangalore,Female,2,369730.5045864163,0
55,40240.361463172594,632.9815377475071,Mumbai,Female,4,241715.95192476234,1
69,55140.88019566556,436.43257860213043,Bangalore,Female,3,212112.59124998222,0
58,88695.64006481477,739.259733829931,Bangalore,Female,3,207945.10519610796,1
24,29156.41299854606,699.8221748496785,Mumbai,Female,4,143095.74184404165,0
65,48883.498563499306,607.069777548274,Delhi,Female,2,147763.98753343354,0
33,41562.99836158598,819.5051040430753,Hyderabad,Male,0,146744.52280851625,0
45,68541.39762815656,641.8477326898354,Delhi,Female,5,203084.41350274542,1
52,51441.811654114754,579.1593233089537,Delhi,Male,2,22417.764203851926,0
31,45783.495606710676,757.0150238316428,Hyderabad,Male,1,156896.77563386312,0
51,43685.232787696055,622.8876398957432,Hyderabad,Male,3,209934.05477956907,1
21,68281.42777545974,642.8400748141934,Hyderabad,Female,4,335003.8444189435,1
34,303175.28181913844,,Delhi,Female,3,220540.063892943,1
19,41616.17229092617,396.971247725367,Delhi,Female,2,80356.6770801437,0
49,43215.405211263846,762.4112719986014,Bangalore,Female,4,244081.36481810396,1
51,,699.2018847992799,Mumbai,Female,2,131694.1529996498,0
39,66630.55370874362,648.5547729121721,Delhi,Male,3,254994.14041012034,1
54,49061.103081507164,665.175799224874,Delhi,Male,2,294395.3704030771,0
25,46790.16733661736,629.1883142727461,Bangalore,Male,4,117766.09879914089,1
49,31640.895998566153,660.4355937523213,Mumbai,Female,3,238060.15934652256,0
40,49166.229936343174,493.6809191303343,Hyderabad,Female,2,270582.91940793727,0
40,34023.29505386941,,Delhi,Female,2,152688.4216129562,0
35,17706.64110571276,792.2369861698508,Delhi,Male,4,37996.80690590615,0
51,56123.79133571708,648.0580394112268,Hyderabad,Male,7,,1
26,,716.8741655592513,Mumbai,Female,3,110338.58794430003,0
30,86051.23377857413,627.1400084659981,Bangalore,Female,1,197192.28265723246,0
69,,614.2554577189572,Hyderabad,Male,4,,1
24,216587.31089494214,666.8654671966727,Hyderabad,Male,2,160068.88388237075,0
69,31585.88277294511,804.9020151495188,Hyderabad,Male,1,125410.30054544103,0
46,42984.48198032163,792.274813609994,Bangalore,Female,3,195325.59048020095,1
40,59724.20650765789,722.1562505126144,Mumbai,Male,5,357787.558326576,1
35,84789.94309972541,717.9373282956503,Hyderabad,Male,1,294966.21429934044,0
22,49945.96191364148,745.3125045376087,Bangalore,Female,4,214423.59044027556,1
46,51563.01655927814,618.0152476745156,Hyderabad,Male,2,90233.66501843087,0
69,65804.62694911759,466.9367103143543,Mumbai,Female,3,227021.2879243681,0
65,49863.21505033695,631.6803381279612,Mumbai,Male,4,319167.9527558119,1
36,83157.84502387026,,Hyderabad,Male,4,1219156.854218731,1
35,42685.906638912595,,Bangalore,Female,5,105441.44031454249,1
40,49185.577002232814,748.5729995679862,Mumbai,Male,3,134568.65262891958,1
33,,,Mumbai,Female,2,166888.40461801144,0
23,41848.62843299352,,Mumbai,Male,1,317726.8066055915,0
25,75088.58580256555,738.68873900973,Mumbai,Male,4,293419.3540422223,1
21,,647.0737186315022,Delhi,Male,4,238099.22827101327,0
56,40979.48534073179,852.4309623286853,Mumbai,Male,5,,1
37,63051.015960331315,654.0919175395721,Mumbai,Male,2,269825.3666542667,0
31,50967.1162221518,649.4403981170954,Bangalore,Female,2,199036.51576320548,0
50,,547.2324859074042,Mumbai,Female,4,,0
48,28399.236761085584,567.1502975219754,Delhi,Female,2,192570.0398885558,0
50,43335.60109885833,652.0793707675408,Hyderabad,Male,2,194684.08197524352,0
49,44943.71043322941,707.5205016106567,Mumbai,Female,1,302910.57095964265,0
61,48512.36204330926,615.6807724502589,Hyderabad,Male,1,131929.2728768881,0
57,261150.05929015836,739.0383163519787,Bangalore,Female,2,149748.0480195486,0
62,53650.091739840376,644.8606276411514,Bangalore,Male,2,120512.55968548416,0
43,56607.121069405985,583.8017822203391,Bangalore,Female,2,62717.340135144885,0
47,36727.95928959649,773.5811620006939,Bangalore,Male,2,133258.29255456277,0
30,51099.76950782606,692.3599065593461,Delhi,Male,1,255674.56807526798,0
52,37295.57977522508,485.68111888458327,Bangalore,Female,1,,0
31,27816.32646838807,472.376476710168,Delhi,Female,2,153247.9218723175,0
25,60222.510460589365,570.397414319651,Delhi,Female,3,290188.00714843883,0
46,44770.21798388211,650.0527958856597,Mumbai,Male,2,94764.69543601235,0
50,54073.6825579306,633.9867204433359,Delhi,Female,5,180975.43700592482,1
41,16832.970364881723,646.4358517702516,Hyderabad,Female,2,,0
40,41352.34398909921,771.19439853864,Hyderabad,Male,2,257533.49330843496,0
62,51883.64680207313,674.3953197908501,Delhi,Female,4,78213.25453746047,1
27,54346.62285344619,647.8632705651564,Bangalore,Male,6,169538.92769105564,1
62,37469.794201103636,859.9721789166515,Mumbai,Male,4,132760.5611594647,0
48,45109.647017482384,738.404539636105,Hyderabad,Female,2,247928.26654908757,0
35,46713.49206786704,514.3418195376595,Mumbai,Male,3,9540.871558120212,0
38,58961.00104774787,526.0892924346099,Mumbai,Male,5,,0
41,45356.803410290144,843.8928999058285,Mumbai,Male,4,306253.2843165866,1
37,44231.66683655262,596.7299160338089,Hyderabad,Male,1,177506.87660283543,0
47,77390.14570320403,676.0280506582886,Hyderabad,Female,5,261597.4985068178,1
39,28279.79149375634,603.4689543219947,Hyderabad,Female,2,107840.19619366855,0
26,50721.27419992073,804.324352827219,Mumbai,Female,3,320067.44242243026,1
19,,727.8361076166638,Bangalore,Female,6,226409.1032376755,1
32,40915.766903947035,608.6534838876723,Bangalore,Female,2,193392.59397189677,0
46,44770.21798388211,650.0527958856597,Mumbai,Male,2,94764.69543601235,0
35,36435.25062343387,538.0382566710989,Delhi,Male,1,,0
49,201736.13272148927,751.7661466843502,Hyderabad,Female,0,110565.79135706082,0
59,41797.115881394115,638.1931473008922,Bangalore,Male,3,307687.9835611406,1
54,41806.33327621276,613.0722860753797,Hyderabad,Female,7,193352.85378054535,1
64,,696.2591292853951,Mumbai,Male,1,142055.79726338666,0
62,35171.133392736236,,Delhi,Male,2,244697.90695555884,0
50,74982.11666693864,,Mumbai,Male,3,168230.77347457176,1
21,40439.19309040223,530.636316824352,Bangalore,Male,3,178836.32810362222,0
67,43558.91688312121,630.9096208272701,Hyderabad,Male,2,189807.45020880323,0
62,299716.09515005595,824.9583904205421,Delhi,Female,2,152028.8004143037,0
61,51938.31772962841,969.3107567844861,Mumbai,Female,4,143703.16805348534,1
58,63044.088801584905,,Delhi,Female,3,,0
20,63160.43435863507,701.6178287114958,Delhi,Male,0,344445.9546149452,0
66,54825.467092940205,499.6919698240182,Hyderabad,Male,1,81664.31853137867,0
38,47220.68511683438,585.0626961678574,Hyderabad,Female,3,307374.41049958835,0
41,45356.803410290144,843.8928999058285,Mumbai,Male,4,306253.2843165866,1
35,37124.6332972818,811.2278257988646,Bangalore,Female,5,191094.49209617593,0
28,57184.697386195876,693.6559804157667,Mumbai,Female,5,276639.5153184015,1
18,62455.03724816369,567.2409779351281,Delhi,Female,3,,0
57,65662.41315603608,590.7535740847106,Bangalore,Male,6,178752.5893390071,0
31,63066.87055147538,407.5759739727058,Mumbai,Male,4,186535.9661462686,0
52,47345.79158758926,539.4295331514064,Delhi,Female,4,197436.20046690293,0
33,72520.0047793323,732.9732417879175,Delhi,Female,2,314909.4427395003,0
18,33449.50090739189,590.2489805308359,Mumbai,Male,6,177347.84920960994,0
67,,596.4198536947703,Bangalore,Male,7,,0
54,58558.98002889739,554.056076327652,Hyderabad,Female,5,211012.9552694437,0
54,46292.339262191046,768.8913371474644,Delhi,Female,1,100441.08400889074,0
27,56450.624707866045,527.9287574085841,Bangalore,Female,2,155598.66387647126,0
38,,729.4264679621828,Hyderabad,Male,6,203005.98874686926,1
31,58828.67606630914,738.7290837266742,Delhi,Male,2,261137.05626710842,0
53,45194.7903770852,713.5418030209227,Bangalore,Female,4,340074.07535417145,1
52,46337.65047064027,614.5959289058976,Hyderabad,Female,3,,1
55,50446.34209243618,,Bangalore,Male,3,134093.05042870768,1
33,52948.32164767362,739.6839315865532,Bangalore,Male,5,222780.36747084546,1
20,42331.76485353222,758.0048065714649,Delhi,Female,1,222644.2529806923,0
23,27263.838275041522,,Bangalore,Female,5,184362.1885131221,0
20,50391.36575316251,766.187830260819,Delhi,Female,6,146445.04690932075,1
58,88695.64006481477,739.259733829931,Bangalore,Female,3,207945.10519610796,1
64,54647.31065340541,585.2458194364841,Bangalore,Female,3,132684.03886967932,0
44,75675.62720213515,595.17127035094,Hyderabad,Female,2,218891.39279032807,0
32,43770.681291487985,764.8637349428715,Hyderabad,Female,3,37785.81826633212,1
22,55659.50739567279,577.1997058770866,Bangalore,Female,6,171353.64430565448,0
32,53657.010706567984,758.5786324939347,Hyderabad,Male,6,615003.6932109941,1
37,41637.623224882496,581.5370174239996,Bangalore,Female,3,194052.37361931807,0
22,40295.94833441639,619.203847036096,Mumbai,Male,1,162704.91104430216,0
68,49638.12369334995,781.759753560796,Hyderabad,Male,3,288968.04953770706,1
66,48789.251298371266,642.423571346454,Mumbai,Male,4,176170.6556034511,1
60,41538.820538949076,659.7983153470896,Hyderabad,Male,4,179359.3171041913,1
68,47410.59050088771,567.7580067617799,Delhi,Female,3,56464.6506760451,0
53,81131.01197968159,,Mumbai,Male,2,98442.77871897497,0
20,26650.562397141442,690.9818656928512,Hyderabad,Female,5,195227.65504062467,0
34,38698.73194480725,753.5249334723752,Bangalore,Male,2,198754.95289037647,0
29,,737.4389180712727,Delhi,Female,0,344487.1294269569,0
39,37535.748253834434,797.7530081055262,Hyderabad,Female,2,214559.1906098238,0
51,56362.48919602875,526.0741605146527,Bangalore,Male,4,197478.51893375168,0
49,55828.67906796446,823.8899663797579,Hyderabad,Male,4,,1
52,43116.7360569659,609.0717561886896,Mumbai,Male,6,,1
23,,,Bangalore,Male,4,58361.50897791376,1
58,67156.31064810394,568.9747562985619,Hyderabad,Female,1,223577.5402321841,0
33,64940.715287087245,817.3452090298537,Delhi,Female,3,236499.9590822826,1
23,39897.640636341974,606.3280263959405,Bangalore,Female,3,340255.5841652468,0
66,63860.40528810352,701.3907849658915,Hyderabad,Male,0,58768.99303760208,0
55,68716.131090106,676.5878229652049,Delhi,Female,2,,0
28,,,Delhi,Female,2,,0
60,68006.20861916638,670.7267329398944,Mumbai,Female,3,,1
25,50608.87536805824,697.2406277880377,Hyderabad,Female,0,168989.6133869403,0
49,55702.967765089445,499.5279625968998,Delhi,Male,2,257213.95121024468,0
62,54903.910606462436,679.355793216663,Hyderabad,Female,1,210349.44053630548,0
50,81128.91308937898,573.0857650212702,Mumbai,Female,2,145076.89974769848,0
32,35336.67132802174,713.0811684554777,Mumbai,Female,5,318070.33204031724,0
37,58149.470435545816,520.6727042128837,Mumbai,Female,3,176176.3075020832,0
62,43438.125495148844,719.2918623031611,Mumbai,Male,2,231763.733590592,0
37,28034.376796852695,599.1036374292502,Hyderabad,Female,1,163211.25901478878,0
59,,,Mumbai,Female,2,130881.61207391374,0
22,55659.50739567279,577.1997058770866,Bangalore,Female,6,171353.64430565448,0
61,33054.397180135726,827.2251596669744,Delhi,Female,1,189738.92156129354,0
67,67239.09989428514,625.3937511870051,Bangalore,Female,1,,0
28,57088.96223619564,488.3689391563412,Hyderabad,Female,4,168511.0734373592,0
21,58343.4501410099,803.7931918412553,Hyderabad,Female,3,139519.6784434716,1
53,46954.31920935511,680.1791899819466,Hyderabad,Female,2,163098.63596013543,0
28,,520.0418763072403,Hyderabad,Female,1,281730.81710620865,0
66,47906.15557767239,,Bangalore,Male,2,181302.07537186195,0
53,46630.50275004463,,Hyderabad,Female,3,49109.703683917905,1
66,75035.32287934089,791.2220555415429,Delhi,Male,4,-13965.370252331253,1
52,45362.41814797041,491.586405699451,Bangalore,Female,5,,0
55,41903.60479535958,686.7287313401341,Delhi,Female,4,152718.52354132544,1
45,51596.453415378455,647.7131937701118,Hyderabad,Male,4,256578.50990434212,1
22,80200.80871289935,500.3470744909921,Bangalore,Female,1,599706.8743409273,0
45,55610.848547713584,648.7911052153945,Bangalore,Male,2,252836.79618812402,0
49,49503.095406893044,781.0308746119608,Delhi,Female,3,112249.99364928111,1
47,70990.33154879004,582.4821725025619,Delhi,Male,2,275744.60532094963,0
28,50276.5089959809,596.4036554885952,Bangalore,Female,2,229882.6946729415,0
39,33451.87451417475,643.7808983000689,Hyderabad,Female,2,232650.8730222685,0
38,59506.65321398148,724.4191971499937,Bangalore,Male,3,161772.8119436967,1
19,52750.39879668733,690.8652811480671,Hyderabad,Male,0,396189.5930294979,0
23,67516.73092489711,562.2017413243439,Hyderabad,Male,0,112127.26256299579,0
56,,557.7589815501498,Hyderabad,Female,3,162418.84285302905,0
63,60228.37234439467,647.3594243041073,Hyderabad,Male,2,254756.03821091424,0
43,48516.65520213286,702.2514105265758,Mumbai,Male,2,223830.09528190762,0
52,12925.332498090662,589.778793963822,Delhi,Male,3,262731.71330827987,0
57,86596.28609508909,548.4905808172132,Bangalore,Male,3,124867.55441834546,0
67,55567.188100569634,,Delhi,Female,4,19776.52842149287,1
43,57155.612408346824,773.6130721806218,Mumbai,Female,1,195876.62331138787,0
60,35425.789422340225,549.6042627918501,Mumbai,Male,4,115295.98814017442,0
39,47923.16024024339,657.5955267916088,Hyderabad,Male,4,,1
